keyword,position,title,place_id,data_id,data_cid,provider_id,rating,reviews,price,type,types,type_id,type_ids,address,open_state,phone,website,latitude,longitude,user_review,thumbnail,serpapi_thumbnail,reviews_link,photos_link,place_id_search,operating_hours_json,service_options_json
Quán ăn Đà Nẵng,1,Cơm nhà vui,ChIJi5XzTqsZQjERn5HbwcdvD5Y,0x314219ab4ef3958b:0x960f6fc7c1db919f,10812984134081417631,/g/11k02pk2dj,4.9,2153.0,100-200 N ₫,Nhà hàng Việt Nam,Nhà hàng Việt Nam,vietnamese_restaurant,vietnamese_restaurant,"86 Đ. 2 Tháng 9, Phước Ninh, Hải Châu, Đà Nẵng 10000, Việt Nam",Đang mở cửa ⋅ Đóng cửa lúc 22:00,+84 933 865 786,,16.0566182,108.22206709999999,"""Vị đồ ăn các món đều khá ngon, được tặng kèm món chè tráng miệng.""",https://lh3.googleusercontent.com/p/AF1QipMfwKeDI6xnpKF8SxrHm_hqKK33SQ1n0ucpwXSU=w138-h92-k-no,https://serpapi.com/images/url/M1hg0nicuxmXUVJSUGylr5-TYayXnp-fnpNaWpxalJyfV5KaV6KXnJ-rX6Dv6GYYmFngm1buneriaVaRV-DtZhFcUeSRG59R6O1tbBwcaJhnUJpcUB4RHGpbbmhsoZthaaSbrZuXDwC0YCGS,https://serpapi.com/search.json?data_id=0x314219ab4ef3958b%3A0x960f6fc7c1db919f&engine=google_maps_reviews&hl=vi,https://serpapi.com/search.json?data_id=0x314219ab4ef3958b%3A0x960f6fc7c1db919f&engine=google_maps_photos&hl=vi,https://serpapi.com/search.json?engine=google_maps&google_domain=google.com&hl=vi&place_id=ChIJi5XzTqsZQjERn5HbwcdvD5Y,"{""thứ hai"": ""10:00–22:00"", ""thứ ba"": ""10:00–22:00"", ""thứ tư"": ""10:00–22:00"", ""thứ năm"": ""10:00–22:00"", ""thứ sáu"": ""10:00–22:00"", ""thứ bảy"": ""10:00–22:00"", ""chủ nhật"": ""10:00–22:00""}","{""Ăn_tại_chỗ"": true, ""Đồ_ăn_mang_đi"": true, ""giao_hàng"": true}"
Quán ăn Đà Nẵng,2,Hải sản Mộc quán Đà Nẵng,ChIJx6-KGnIXQjER7x-T0zeOlBw,0x314217721a8aafc7:0x1c948e37d3931fef,2059427300039139311,/g/11h64qj0wn,4.7,15505.0,$$,Nhà hàng hải sản,"Nhà hàng hải sản, Nhà hàng",seafood_restaurant,"seafood_restaurant, restaurant","26 Tô Hiến Thành, Phước Mỹ, Sơn Trà, Đà Nẵng 550000, Việt Nam",Đang mở cửa ⋅ Đóng cửa lúc 22:30,+84 905 665 058,https://www.facebook.com/mocseafood,16.0639962,108.24157439999999,"""Quán đồ ăn cực ngon vị trí đẹp có nhiều view đẹp""",https://lh3.googleusercontent.com/p/AF1QipPtOsZN_eeunmn-tBE4WCyOzBGyT9-XxEydfV9d=w80-h106-k-no,https://serpapi.com/images/url/j_5ADHicuxmXUVJSUGylr5-TYayXnp-fnpNaWpxalJyfV5KaV6KXnJ-rX6Dv6GYYmFkQUOJfHOUXn5pampebp1vi5GoS7lzpX-XkXhliqRtR4VqZkhZmmWJbbmGgm2FoYKabrZuXDwDBKCHK,https://serpapi.com/search.json?data_id=0x314217721a8aafc7%3A0x1c948e37d3931fef&engine=google_maps_reviews&hl=vi,https://serpapi.com/search.json?data_id=0x314217721a8aafc7%3A0x1c948e37d3931fef&engine=google_maps_photos&hl=vi,https://serpapi.com/search.json?engine=google_maps&google_domain=google.com&hl=vi&place_id=ChIJx6-KGnIXQjER7x-T0zeOlBw,"{""thứ hai"": ""10:30–22:30"", ""thứ ba"": ""10:30–22:30"", ""thứ tư"": ""10:30–22:30"", ""thứ năm"": ""10:30–22:30"", ""thứ sáu"": ""10:30–22:30"", ""thứ bảy"": ""10:30–22:30"", ""chủ nhật"": ""10:30–22:30""}","{""Ăn_tại_chỗ"": true, ""Đồ_ăn_mang_đi"": true, ""giao_hàng"": true}"
Quán ăn Đà Nẵng,3,Cô Ba Phở bò,ChIJQYGTw4MZQjER9-WZcXZUfAM,0x31421983c3938141:0x37c54767199e5f7,251168546914690551,/g/11gnpx_f59,4.8,6552.0,100-200 N ₫,Nhà hàng,Nhà hàng,restaurant,restaurant,"154 Bạch Đằng, Hải Châu, Đà Nẵng 550000, Việt Nam",Đang mở cửa ⋅ Đóng cửa lúc 22:00,+84 236 3996 268,,16.0669705,108.22471879999999,"""Mình thấy mang đồ ăn ra khá nhanh, không phải đợi lâu.""",https://lh3.googleusercontent.com/gps-cs-s/AC9h4nr-EuWlqFjfwInwbF-cTbaZpgxUfveY_xa9_MJ7bxuJHKERUHTZgm2mooIr-PenlYEcxiPbjRL6wSwuCXB0VnMyckDCXOb4LNCt_4--1XGflVKdInBTMNrHtIvalLyr-S-hbaA=w122-h92-k-no,https://serpapi.com/images/url/cf1Oe3icBcFRboIwGADgE_2ijGzBZA_KQFBwRhGRF0K70qqlZW2xeD8v4W38vteTGdPrueNw9jGhUlJOBk0UlsIQYSZYdg7tNWAN2lkEPvOEgnA48f_o2tpEWBQBzlFT9XQ8tndyrsfGr7P1FxqHdbwJ98c4r2jndlImCnZE8HOIx8sOXffppz3YISiX00JkD3z7Ccpf5KXbwNQewKxctbzY_CVimWdbFZvk3vD0oeAADDWLbztzXWC-CzcQ8g0rPUVq,https://serpapi.com/search.json?data_id=0x31421983c3938141%3A0x37c54767199e5f7&engine=google_maps_reviews&hl=vi,https://serpapi.com/search.json?data_id=0x31421983c3938141%3A0x37c54767199e5f7&engine=google_maps_photos&hl=vi,https://serpapi.com/search.json?engine=google_maps&google_domain=google.com&hl=vi&place_id=ChIJQYGTw4MZQjER9-WZcXZUfAM,"{""thứ hai"": ""10:00–22:00"", ""thứ ba"": ""10:00–22:00"", ""thứ tư"": ""10:00–22:00"", ""thứ năm"": ""10:00–22:00"", ""thứ sáu"": ""10:00–22:00"", ""thứ bảy"": ""10:00–22:00"", ""chủ nhật"": ""10:00–22:00""}","{""Ăn_tại_chỗ"": true, ""Đồ_ăn_mang_đi"": true, ""giao_hàng"": true}"
Quán ăn Đà Nẵng,4,Bếp Cuốn Đà Nẵng,ChIJ-UgnY_QXQjERJTTHpNvcFNw,0x314217f4632748f9:0xdc14dcdba4c73425,15858543023798826021,/g/11hz90gsyw,4.9,11874.0,100-300 N ₫,Nhà hàng Việt Nam,"Nhà hàng Việt Nam, Nhà hàng",vietnamese_restaurant,"vietnamese_restaurant, restaurant","31-33 Trần Bạch Đằng, Phước Mỹ, Sơn Trà, Đà Nẵng 550000, Việt Nam",Đang mở cửa ⋅ Đóng cửa lúc 22:00,+84 702 689 989,https://www.facebook.com/DINNER.LUNCH.BEPCUON/,16.0579628,108.2451505,"""Quán view đẹp, đồ ăn ngon, đồ uống cũng ngon luôn.""",https://lh3.googleusercontent.com/p/AF1QipNFjFvRQlzsrFSyTjY0njnb3oaZbsupmG4G9Qrf=w126-h92-k-no,https://serpapi.com/images/url/dZKG3XicuxmXUVJSUGylr5-TYayXnp-fnpNaWpxalJyfV5KaV6KXnJ-rX6Dv6GYYmFng55blVhYUmFNVXOQWXBmSFWmQl5WXZJyfGJVUXFqQ627ibhlYlGZbbmhkppthaaSbrZuXDwDOZyJM,https://serpapi.com/search.json?data_id=0x314217f4632748f9%3A0xdc14dcdba4c73425&engine=google_maps_reviews&hl=vi,https://serpapi.com/search.json?data_id=0x314217f4632748f9%3A0xdc14dcdba4c73425&engine=google_maps_photos&hl=vi,https://serpapi.com/search.json?engine=google_maps&google_domain=google.com&hl=vi&place_id=ChIJ-UgnY_QXQjERJTTHpNvcFNw,"{""thứ hai"": ""10:30–22:00"", ""thứ ba"": ""10:30–22:00"", ""thứ tư"": ""10:30–22:00"", ""thứ năm"": ""10:30–22:00"", ""thứ sáu"": ""10:30–22:00"", ""thứ bảy"": ""10:30–22:00"", ""chủ nhật"": ""10:30–22:00""}","{""Ăn_tại_chỗ"": true, ""Đồ_ăn_mang_đi"": true, ""giao_hàng_gián_tiếp"": true}"
Quán ăn Đà Nẵng,5,Bánh Xèo Bà Dưỡng,ChIJrSiIJ8oZQjERn2-PvhzOCuU,0x314219ca278828ad:0xe50ace1cbe8f6f9f,16504230407304081311,/g/11csqxxgqn,4.3,8810.0,1-100.000 ₫,Nhà hàng Việt Nam,"Nhà hàng Việt Nam, Nhà hàng bánh kếp",vietnamese_restaurant,"vietnamese_restaurant, pancake_house","280/23 Hoàng Diệu, Phước Ninh, Hải Châu, Đà Nẵng 550000, Việt Nam",Sắp đóng cửa ⋅ 21:30 ⋅ Mở lúc 9:30 Th 3,+84 236 3873 168,,16.058877199999998,108.216166,"""Quán nằm trong hẻm nhỏ dài khoảng 100m không đi xe ô tô vào được.""",https://lh3.googleusercontent.com/gps-cs-s/AC9h4nqINnpbd83MXq_rxW5dEikcgtru1YXzC1slktQWuvs6j7MSW2Bwu88-JWW31_Go3wmzG1tpaQVxm0Y4wJa7IKFrBIDA5Qanf4ilQB_Udydqdduo0-Y3HJACH9dhy1WzhV9Vvnee=w184-h92-k-no,https://serpapi.com/images/url/49otvXicBcFtDoIgAADQE6ERVtrWD7UvbbW5lugvZ0JiKqhAlvfrEN2m935fplQn16bZMGSUQpQN1ZIOheCKcmUUojXLToJCAmm6vsMs3gcX3t2Jjc5Jnw1vvCC7qi5KNWiYJpMPZVOrCOuXXD5X5yuee6O2bRBijGB2EGhspwNUXR7F73aWWmOYr4LTfvCCrbuIcv6wqibyshv5kJ4QLWYgRcfQ9Y8OYR-IJxY78YtTuhmhbQHmzEENuPgDJNlFMw,https://serpapi.com/search.json?data_id=0x314219ca278828ad%3A0xe50ace1cbe8f6f9f&engine=google_maps_reviews&hl=vi,https://serpapi.com/search.json?data_id=0x314219ca278828ad%3A0xe50ace1cbe8f6f9f&engine=google_maps_photos&hl=vi,https://serpapi.com/search.json?engine=google_maps&google_domain=google.com&hl=vi&place_id=ChIJrSiIJ8oZQjERn2-PvhzOCuU,"{""thứ hai"": ""09:30–21:30"", ""thứ ba"": ""09:30–21:30"", ""thứ tư"": ""09:30–21:30"", ""thứ năm"": ""09:30–21:30"", ""thứ sáu"": ""09:30–21:30"", ""thứ bảy"": ""09:30–21:30"", ""chủ nhật"": ""09:30–21:30""}","{""Ăn_tại_chỗ"": true, ""mua_hàng_ngay_trên_xe"": true, ""giao_hàng_gián_tiếp"": true}"
Quán ăn Đà Nẵng,6,Quán Hải Sản Thời Cổ Đà Nẵng - Seafood Restaurant,ChIJ1Xr5dnkXQjERSYpx3HJqSj0,0x3142177976f97ad5:0x3d4a6a72dc718a49,4416459426147437129,/g/11fd4pvng9,4.7,3245.0,$$,Nhà hàng hải sản,"Nhà hàng hải sản, Nhà hàng, Chợ hải sản, Nhà hàng Việt Nam",seafood_restaurant,"seafood_restaurant, restaurant, seafood_market, vietnamese_restaurant","354/1 Võ Nguyên Giáp, Bắc Mỹ An, Ngũ Hành Sơn, Đà Nẵng 550000, Việt Nam",Đang mở cửa ⋅ Đóng cửa lúc 23:00,+84 905 749 079,https://www.facebook.com/haisanthoico?mibextid=ZbWKwL,16.0438626,108.2473136,"""Quán đẹp, đồ ăn ngon, nhân viên thân thiện 10/100 oki, sẽ ghé lại""",https://lh3.googleusercontent.com/p/AF1QipPsxl9pcln-7vYkUXbjieFtYl_UUHnxI0qE5eJv=w122-h92-k-no,https://serpapi.com/images/url/IIgPWXicuxmXUVJSUGylr5-TYayXnp-fnpNaWpxalJyfV5KaV6KXnJ-rX6Dv6GYYmFkQUFyRY1mQnJOna14WmR0akZSVmepWEpkTHxrqkVfhaVDoaprqVWZbbmhkpJthaaSbrZuXDwDNkSIo,https://serpapi.com/search.json?data_id=0x3142177976f97ad5%3A0x3d4a6a72dc718a49&engine=google_maps_reviews&hl=vi,https://serpapi.com/search.json?data_id=0x3142177976f97ad5%3A0x3d4a6a72dc718a49&engine=google_maps_photos&hl=vi,https://serpapi.com/search.json?engine=google_maps&google_domain=google.com&hl=vi&place_id=ChIJ1Xr5dnkXQjERSYpx3HJqSj0,"{""thứ hai"": ""10:00–23:00"", ""thứ ba"": ""10:00–23:00"", ""thứ tư"": ""10:00–23:00"", ""thứ năm"": ""10:00–23:00"", ""thứ sáu"": ""10:00–23:00"", ""thứ bảy"": ""10:00–23:00"", ""chủ nhật"": ""10:00–23:00""}","{""Ăn_tại_chỗ"": true, ""Đồ_ăn_mang_đi"": true, ""giao_hàng_gián_tiếp"": true}"
Quán ăn Đà Nẵng,7,Quán Cô Hồng - Đặc Sản Đà Nẵng,ChIJIyaMMCoXQjERjisDFU7W4mI,0x3142172a308c2623:0x62e2d64e15032b8e,7125493191301868430,/g/11t27gppbv,4.5,1392.0,100-200 N ₫,Nhà hàng Việt Nam,"Nhà hàng Việt Nam, Nhà hàng",vietnamese_restaurant,"vietnamese_restaurant, restaurant","103 Nguyễn Văn Thoại, An Hải Đông, Sơn Trà, Đà Nẵng 550000, Việt Nam",Sắp đóng cửa ⋅ 21:30 ⋅ Mở lúc 9:00 Th 3,+84 905 661 186,http://www.quancohong.com/,16.0543959,108.2393137,"""Món ăn ngon, không gian quán sạch đẹp, nhân viên dễ thương, nhiệt tình""",https://lh3.googleusercontent.com/gps-cs-s/AC9h4nq-fX4BeL1RqdhgBDNr0aR3hd_vUJ9W8nVOZ7bx9D4eZntRkWn23Iz3BTH0Dy86E0HQ5YllVCtvrr43_wT8Scy2EhIzNT0SL97nOaS5QcGHIr2wDVGP8LVht16Bg8DePcs_7zV6=w163-h92-k-no,https://serpapi.com/images/url/mgwvfHicBcFbsoIgAADQFZEPTKGZ-5HRpI3TQ40eP04RwUwGBZQ399ci2k3nfD_SubsdeV4r4UBoLVr-tNwwrRxXbsD0zRN3C5gF1htPsIzUA1x2UcqLoHycpUjJwvjHEspz89rM8RYpujwkp39MIn5QrrxuVQjzHqZ15pM3iqd-th7u25ZO3MuYCDZdjSr2Dqcy7xe1XxU4UctjNVyzWZabsCN0tkIFlS6IU4EIXzHbJD2N_7oghkDiEFyB0j8wfEJ2,https://serpapi.com/search.json?data_id=0x3142172a308c2623%3A0x62e2d64e15032b8e&engine=google_maps_reviews&hl=vi,https://serpapi.com/search.json?data_id=0x3142172a308c2623%3A0x62e2d64e15032b8e&engine=google_maps_photos&hl=vi,https://serpapi.com/search.json?engine=google_maps&google_domain=google.com&hl=vi&place_id=ChIJIyaMMCoXQjERjisDFU7W4mI,"{""thứ hai"": ""09:00–21:30"", ""thứ ba"": ""09:00–21:30"", ""thứ tư"": ""09:00–21:30"", ""thứ năm"": ""09:00–21:30"", ""thứ sáu"": ""09:00–21:30"", ""thứ bảy"": ""09:00–21:30"", ""chủ nhật"": ""09:00–21:30""}","{""Ăn_tại_chỗ"": true, ""mua_hàng_ngay_trên_xe"": true, ""giao_hàng_gián_tiếp"": true}"
Quán ăn Đà Nẵng,8,Bé Ni 2,ChIJySI1VxkXQjERUSItJZQgxBE,0x31421719573522c9:0x11c42094252d2251,1280184014731027025,/g/1pzwdq9yk,4.8,9750.0,,Nhà hàng hải sản,"Nhà hàng hải sản, Nhà hàng",seafood_restaurant,"seafood_restaurant, restaurant","228 Võ Nguyên Giáp, Phước Mỹ, Sơn Trà, Đà Nẵng 550000, Việt Nam",Mở cả ngày,+84 773 515 685,,16.066801599999998,108.2449953,"""Quán đẹp,sang mà đồ ăn lại ngon, hãy trải nghiệm rất hài lòng""",https://lh3.googleusercontent.com/gps-cs-s/AC9h4nqeoWhr_t8T4aJF8fGoT3K3cTjIbsUf0G1sIZ1uj6TPDQ94GUU6rGAzhrFf7VuLKzaFudTkognQ_lT6hUy_v-X-wq9cXRhU7OqttSAme98ttwalchAmIAPWTRTKiuIcjupCzFPKCQ=w122-h92-k-no,https://serpapi.com/images/url/Bua6MnicBcHdToMwGADQJ-qQnzBq4kWDgSAmwmzd4g1hXeGTQQv0q0Re0GfwbTzn7xcQZ_voeSOEh96YflTOqlUajUrjQZrJ62dLpCXWYymFSC_KnGFtMOFR-5IlXW54WIaSD8XViu4h923x6bsh5tVzTaNciHjN2Q5r1h0_3Gu5t5m78bvpdd2MPAbx03yTC9kWKi8nEMe3BfGdTYomiFs7SmBTwaozP_HyyxVycHO6Z1WZ1k-bHwQEaEDuRJt_esRGGg,https://serpapi.com/search.json?data_id=0x31421719573522c9%3A0x11c42094252d2251&engine=google_maps_reviews&hl=vi,https://serpapi.com/search.json?data_id=0x31421719573522c9%3A0x11c42094252d2251&engine=google_maps_photos&hl=vi,https://serpapi.com/search.json?engine=google_maps&google_domain=google.com&hl=vi&place_id=ChIJySI1VxkXQjERUSItJZQgxBE,"{""thứ hai"": ""Mở cửa cả ngày"", ""thứ ba"": ""Mở cửa cả ngày"", ""thứ tư"": ""Mở cửa cả ngày"", ""thứ năm"": ""Mở cửa cả ngày"", ""thứ sáu"": ""Mở cửa cả ngày"", ""thứ bảy"": ""Mở cửa cả ngày"", ""chủ nhật"": ""Mở cửa cả ngày""}","{""Ăn_tại_chỗ"": true, ""Đồ_ăn_mang_đi"": true}"
Quán ăn Đà Nẵng,9,Mì Quảng Ếch bếp Trang,ChIJHRmt7soZQjERhuei1xWj9Xs,0x314219caeead191d:0x7bf5a315d7a2e786,8932224750166665094,/g/11h4mpk4m1,4.3,2537.0,1-100.000 ₫,Nhà hàng,Nhà hàng,restaurant,restaurant,"441 Ông Ích Khiêm, Phước Ninh, Hải Châu, Đà Nẵng 550000, Việt Nam",Đang mở cửa ⋅ Đóng cửa lúc 22:15,+84 766 771 772,,16.0620258,108.21639859999999,"""- View: mình ko đánh giá nhiều về view, vì decor theo kiểu ăn gia đình.""",https://lh3.googleusercontent.com/gps-cs-s/AC9h4npbU-hMomowJIUsxbRM0SRcvSVlYpG6IW39vMeBc7iXisIs4Nrm-Fy0u2gKZXXj_cK25z9c2airR8FKVeTS-uzc5PwMnITK6xJgMMHS8nE_-ZsOptZaHiT1aOjfQ9j_3LoEvLM=w122-h92-k-no,https://serpapi.com/images/url/yGC9fHicBcFbcoIwFADQFV3R4Cud6Yd1tCKmtoAW-WEwkyYgJBluAOv6uonuxnP-_5RzFl88r1b-SBoja9GhaLnRTmg34qbxpEXgCOit1lRNtb2eQDHTmGEfnPB-jdg4jngfn-uLfZ8H3z7tmXjjizItMcDpR9vA9nfcERlmaVrlPCSzB-WkKNtouQ3PIomhe_DZ58B0kITz-14ytouXepNDhkfrsmJXJpPiWP180Sr3D2bTH9jrMCEEFCVwA22eqN5EPg,https://serpapi.com/search.json?data_id=0x314219caeead191d%3A0x7bf5a315d7a2e786&engine=google_maps_reviews&hl=vi,https://serpapi.com/search.json?data_id=0x314219caeead191d%3A0x7bf5a315d7a2e786&engine=google_maps_photos&hl=vi,https://serpapi.com/search.json?engine=google_maps&google_domain=google.com&hl=vi&place_id=ChIJHRmt7soZQjERhuei1xWj9Xs,"{""thứ hai"": ""06:30–22:15"", ""thứ ba"": ""06:30–22:15"", ""thứ tư"": ""06:30–22:15"", ""thứ năm"": ""06:30–22:15"", ""thứ sáu"": ""06:30–22:15"", ""thứ bảy"": ""06:30–22:15"", ""chủ nhật"": ""06:30–22:15""}","{""Ăn_tại_chỗ"": true, ""Đồ_ăn_mang_đi"": true, ""giao_hàng"": true}"
Quán ăn Đà Nẵng,10,An Nam Quán,ChIJZ6rtiwkXQjEReKnNFp6-4zk,0x314217098bedaa67:0x39e3be9e16cda978,4171387266071898488,/g/11t2s748xh,4.4,600.0,100-200 N ₫,Nhà hàng,Nhà hàng,restaurant,restaurant,"B15 Lô 42, 43 Trần Bạch Đằng, P, Ngũ Hành Sơn, Đà Nẵng 550000, Việt Nam",Sắp đóng cửa ⋅ 21:30 ⋅ Mở lúc 9:00 Th 3,+84 788 661 233,https://annamquan.info/,16.0556731,108.24573439999999,"""Cơm ngon, thức ăn nấu vừa miệng, màu sắc đẹp.""",https://lh3.googleusercontent.com/gps-cs-s/AC9h4nqDvidOFIhsH3nk2V9n-xK9INJtj4tCauIrrhgeT2xJUqrDNS_FIJ5gbsbsOb98FoyjgLeD9FSx_1p5ds4PVmlVQOwfUnHa_WSL3IpvQ6jhjuGB001CaRzdQd29AEfwT-G4v7jy5w=w122-h92-k-no,https://serpapi.com/images/url/3otgoHicBcFbcoIwFADQFUUkgG2c6YcF0aAjRRQ_GR4xMWKC3PCwG-wa3E3Pef8JY1pYWlYjnBnXmjesB9ZVWhmmzKzSD4u3gCpAYK18Ilz1DIZbHYdUwNZRd5wRhaYdoYfISNf4RU-7TnB2wlN0fnbBIc1DGnm8hBLiknyG-iX5ngUkTKfcbr0a3J_s0WRJPF7Palvkl3Tv0HZIFlLIfvM9n9t-cfytkxqT1fo6ntDGHT7kyxu_RhtjJAhGd6T0P4x4RVk,https://serpapi.com/search.json?data_id=0x314217098bedaa67%3A0x39e3be9e16cda978&engine=google_maps_reviews&hl=vi,https://serpapi.com/search.json?data_id=0x314217098bedaa67%3A0x39e3be9e16cda978&engine=google_maps_photos&hl=vi,https://serpapi.com/search.json?engine=google_maps&google_domain=google.com&hl=vi&place_id=ChIJZ6rtiwkXQjEReKnNFp6-4zk,"{""thứ hai"": ""09:00–21:30"", ""thứ ba"": ""09:00–21:30"", ""thứ tư"": ""09:00–21:30"", ""thứ năm"": ""09:00–21:30"", ""thứ sáu"": ""09:00–21:30"", ""thứ bảy"": ""09:00–21:30"", ""chủ nhật"": ""09:00–21:30""}","{""Ăn_tại_chỗ"": true, ""nhận_hàng_ở_lề_đường"": true}"
Quán ăn Đà Nẵng,11,Thìa Gỗ Đà Nẵng,ChIJ1xhMtcMZQjER9bUa3xuUKFA,0x314219c3b54c18d7:0x5028941bdf1ab5f5,5776029369530758645,/g/11f3q_8q_1,4.7,6738.0,100-200 N ₫,Nhà hàng Việt Nam,"Nhà hàng Việt Nam, Nhà hàng cao cấp, Nhà hàng",vietnamese_restaurant,"vietnamese_restaurant, fine_dining_restaurant, restaurant","53 Phan Thúc Duyện, Bắc Mỹ Phú, Ngũ Hành Sơn, Đà Nẵng 550000, Việt Nam",Đang mở cửa ⋅ Đóng cửa lúc 22:00,+84 236 3689 005,http://danang.thiagorestaurant.com/,16.052986699999998,108.2415777,"""Đồ ăn ngon lắm lunnn, mình order bánh xèo,  bún trộn đều ngon!""",https://lh3.googleusercontent.com/gps-cs-s/AC9h4npQeIlMnl4N8udmCayc4t9jDDf_9K_I5O3TqMtFTnLQNjVIaW1vYmB0i_bGa9FvG0nyMXGQIakbPjuJ2n4E3H6zslDOlqngJTBNGaJDC9gOKR-bZo-3FNFc9R-Y8yIjxKxCqNiiGoz75-C3=w122-h92-k-no,https://serpapi.com/images/url/kW4XknicBcHhUoIwAADgJ5oow3Td9SNHzIGM8LjK_nBj0QDHBm6Y-I49QG_T9_39Ns4N9tHzVAMX0hip6snWF2G0q7VbCNN7crBAWGC9Z4yaQA95TVWqVcC201eP-SwCh7ow_C5RUtJ1BosxdVGhDznr3ih_X11P_W7ZlhXhKLqSpZ7TD5JTfq5euyn2dfAC9w93q8JMjVrGxY4RHocYySw5gurTABixSKAjOG1n2t2SGx5Z2xJz36wBhk8_K98HDfLBGWjzD9bdRgM,https://serpapi.com/search.json?data_id=0x314219c3b54c18d7%3A0x5028941bdf1ab5f5&engine=google_maps_reviews&hl=vi,https://serpapi.com/search.json?data_id=0x314219c3b54c18d7%3A0x5028941bdf1ab5f5&engine=google_maps_photos&hl=vi,https://serpapi.com/search.json?engine=google_maps&google_domain=google.com&hl=vi&place_id=ChIJ1xhMtcMZQjER9bUa3xuUKFA,"{""thứ hai"": ""10:00–22:00"", ""thứ ba"": ""10:00–22:00"", ""thứ tư"": ""10:00–22:00"", ""thứ năm"": ""10:00–22:00"", ""thứ sáu"": ""10:00–22:00"", ""thứ bảy"": ""10:00–22:00"", ""chủ nhật"": ""10:00–22:00""}","{""Ăn_tại_chỗ"": true, ""Đồ_ăn_mang_đi"": true, ""giao_hàng_gián_tiếp"": true}"
Quán ăn Đà Nẵng,12,Nhà Hàng Cafe Trúc Lâm Viên,ChIJvZBNfjEYQjERa3oF_Rc2lC8,0x314218317e4d90bd:0x2f943617fd057a6b,3428424692992932459,/g/1tgby78f,4.3,919.0,$$,Nhà hàng,"Nhà hàng, Nhà hàng cơm, Nhà hàng Việt Nam",restaurant,"restaurant, rice_restaurant, vietnamese_restaurant","08 Trần Quý Cáp, Hải Châu, Đà Nẵng 550000, Việt Nam",Sắp đóng cửa ⋅ 21:30 ⋅ Mở lúc 6:30 Th 3,+84 236 3849 969,http://truclamvien.vn/,16.0817218,108.2219253,"""Quán đẹp, đồ ăn ngon, nhân viên thân thiện""",https://lh3.googleusercontent.com/gps-cs-s/AC9h4noe5ZYqcaAGXIjZzINLiBvk0d7tOjYb4RZ0ng2jY_lXc6yHq2_JtXPG_nXbX0DCg_MEyR62Z7xmWQYsPNvTRylGvtBIzQH83pImmaLFDlUiNSV7Er8Hkwj2B0gFougacr4kAPo-eA=w163-h92-k-no,https://serpapi.com/images/url/EcAe-3icBcFbEoIgAADAE5GGptVMH9pDbcrMXuiPY8RgimBCll2wM3Sbdn_fQqlGTjWNFcaACkEZeUrSYsEV4WqARa3RRgIsgdSc-aQwuSCjNHng3PFQUKafINzc3a7Sb7balcnVjFOdU1gmGUPY6v0HzNYKRV7G0RXpiznNtss-tmBqv-vLPpFR2B3jnnmdcoPP3h8bTVDX-Wa1YKd7eDjby3bsV68SujpdiSfNcWtWTiQAcWavoWWAYgJBBbj4A4cjRZQ,https://serpapi.com/search.json?data_id=0x314218317e4d90bd%3A0x2f943617fd057a6b&engine=google_maps_reviews&hl=vi,https://serpapi.com/search.json?data_id=0x314218317e4d90bd%3A0x2f943617fd057a6b&engine=google_maps_photos&hl=vi,https://serpapi.com/search.json?engine=google_maps&google_domain=google.com&hl=vi&place_id=ChIJvZBNfjEYQjERa3oF_Rc2lC8,"{""thứ hai"": ""06:30–21:30"", ""thứ ba"": ""06:30–21:30"", ""thứ tư"": ""06:30–21:30"", ""thứ năm"": ""06:30–21:30"", ""thứ sáu"": ""06:30–21:30"", ""thứ bảy"": ""06:30–21:30"", ""chủ nhật"": ""06:30–21:00""}","{""Ăn_tại_chỗ"": true, ""nhận_hàng_ở_lề_đường"": true, ""giao_hàng_gián_tiếp"": true}"
Quán ăn Đà Nẵng,13,DONALD TRUNG ĐÀ NẴNG _352 Hải Phòng,ChIJdWeqPSUZQjER_wDnxXByqpc,0x314219253daa6775:0x97aa7270c5e700ff,10928673274450084095,/g/11tp7cypgs,4.9,718.0,1-100.000 ₫,Nhà hàng Việt Nam,Nhà hàng Việt Nam,vietnamese_restaurant,vietnamese_restaurant,"352 Hải Phòng, Chính Gián, Thanh Khê, Đà Nẵng 550000, Việt Nam",Đang mở cửa ⋅ Đóng cửa lúc 22:00,+84 707 875 875,http://donaldtrung.net/,16.0679539,108.20480699999999,"""quán đúng kiểu vừa ngon vừa rẻ, cũng sạch sẽ, nước uống siêu chất lượng""",https://lh3.googleusercontent.com/p/AF1QipM8_6VJjvlUwJSJEInb03bySFeYaGqhm3VlFMRE=w122-h92-k-no,https://serpapi.com/images/url/Gu9U2HicuxmXUVJSUGylr5-TYayXnp-fnpNaWpxalJyfV5KaV6KXnJ-rX6Dv6GYYmFngaxFvFuaVVZYTWu4V7OXqmZdkYJxUGeyWGpnoXpiRaxyW4-Yb5GpbbmhkpJthaaSbrZuXDwCm2yEw,https://serpapi.com/search.json?data_id=0x314219253daa6775%3A0x97aa7270c5e700ff&engine=google_maps_reviews&hl=vi,https://serpapi.com/search.json?data_id=0x314219253daa6775%3A0x97aa7270c5e700ff&engine=google_maps_photos&hl=vi,https://serpapi.com/search.json?engine=google_maps&google_domain=google.com&hl=vi&place_id=ChIJdWeqPSUZQjER_wDnxXByqpc,"{""thứ hai"": ""09:00–22:00"", ""thứ ba"": ""09:00–22:00"", ""thứ tư"": ""09:00–22:00"", ""thứ năm"": ""09:00–22:00"", ""thứ sáu"": ""09:00–22:00"", ""thứ bảy"": ""09:00–22:00"", ""chủ nhật"": ""09:00–22:00""}","{""Ăn_tại_chỗ"": true, ""Đồ_ăn_mang_đi"": true, ""giao_hàng_gián_tiếp"": true}"
Quán ăn Đà Nẵng,14,Nhà Hàng Biển Việt,ChIJp3wB-4oXQjERLgobfhe-nLc,0x3142178afb017ca7:0xb79cbe177e1b0a2e,13230658813416901166,/g/11t7bttsnf,4.8,1883.0,$$,Nhà hàng hải sản,Nhà hàng hải sản,seafood_restaurant,seafood_restaurant,"64 An Thượng 26, Bắc Mỹ Phú, Ngũ Hành Sơn, Đà Nẵng 550000, Việt Nam",Đang mở cửa ⋅ Đóng cửa lúc 22:30,+84 926 999 336,,16.055389599999998,108.2457142,"""Sạch sẽ ngon mát, nhân viên nhiệt tình
Chủ quán dễ thương
100đ ạ""",https://lh3.googleusercontent.com/p/AF1QipMdbREzTmtQzLWD_lX-dG3ptAEBl5HwWwPV-4n0=w122-h92-k-no,https://serpapi.com/images/url/XaiBznicuxmXUVJSUGylr5-TYayXnp-fnpNaWpxalJyfV5KaV6KXnJ-rX6Dv6GYYmFngm5IU5FoVklsSWOUT7hKfE6Gb4m5cUOLo6pRj6lEeXh4QpmuSZ2BbbmhkpJthaaSbrZuXDwCw6CEv,https://serpapi.com/search.json?data_id=0x3142178afb017ca7%3A0xb79cbe177e1b0a2e&engine=google_maps_reviews&hl=vi,https://serpapi.com/search.json?data_id=0x3142178afb017ca7%3A0xb79cbe177e1b0a2e&engine=google_maps_photos&hl=vi,https://serpapi.com/search.json?engine=google_maps&google_domain=google.com&hl=vi&place_id=ChIJp3wB-4oXQjERLgobfhe-nLc,"{""thứ hai"": ""10:00–22:30"", ""thứ ba"": ""10:00–22:30"", ""thứ tư"": ""10:00–22:30"", ""thứ năm"": ""10:00–22:30"", ""thứ sáu"": ""10:00–22:30"", ""thứ bảy"": ""10:00–22:30"", ""chủ nhật"": ""10:00–22:30""}","{""Ăn_tại_chỗ"": true, ""Đồ_ăn_mang_đi"": true, ""giao_hàng"": true}"
Quán ăn Đà Nẵng,15,Quán Huế Ngon - 다낭최고의 로컬 BBQ 레스토랑- Best local food in Da Nang,ChIJCXHPczMYQjERWvCLF3Hu_CY,0x3142183373cf7109:0x26fcee71178bf05a,2809382437066109018,/g/1hc0slx_r,4.1,1456.0,100-300 N ₫,Nhà hàng Việt Nam,"Nhà hàng Việt Nam, Nhà hàng món nướng, Nhà hàng món lẩu",vietnamese_restaurant,"vietnamese_restaurant, barbecue_restaurant, hot_pot_restaurant","65 Trần Quốc Toản, Phước Ninh, Hải Châu, Đà Nẵng 550000, Việt Nam",Đang mở cửa ⋅ Đóng cửa lúc 23:00,+84 901 988 898,https://www.facebook.com/QuanHueNgonDaNang1,16.066234599999998,108.22129249999999,"""Quán đông du khách nước ngoài.""",https://lh3.googleusercontent.com/p/AF1QipMGNPeZLI8fr2rr9GKZ3SMSlcRhnI8Ue-jQEDKJ=w80-h106-k-no,https://serpapi.com/images/url/HasA73icuxmXUVJSUGylr5-TYayXnp-fnpNaWpxalJyfV5KaV6KXnJ-rX6Dv6GYYmFng6-4XkBrl42mRVmRUVGTp7h1lHOwbnJMclJHnaRGaqpsV6Ori7WVbbmGgm2FoYKabrZuXDwCXWiCl,https://serpapi.com/search.json?data_id=0x3142183373cf7109%3A0x26fcee71178bf05a&engine=google_maps_reviews&hl=vi,https://serpapi.com/search.json?data_id=0x3142183373cf7109%3A0x26fcee71178bf05a&engine=google_maps_photos&hl=vi,https://serpapi.com/search.json?engine=google_maps&google_domain=google.com&hl=vi&place_id=ChIJCXHPczMYQjERWvCLF3Hu_CY,"{""thứ hai"": ""11:00–23:00"", ""thứ ba"": ""11:00–23:00"", ""thứ tư"": ""11:00–23:00"", ""thứ năm"": ""11:00–23:00"", ""thứ sáu"": ""11:00–23:00"", ""thứ bảy"": ""11:00–23:00"", ""chủ nhật"": ""11:00–23:00""}","{""Ăn_tại_chỗ"": true, ""mua_hàng_ngay_trên_xe"": true, ""giao_hàng_gián_tiếp"": true}"
Quán ăn Đà Nẵng,16,Mì Quảng Ếch Bếp Trang,ChIJy2FIKzMYQjER91sguKW1spc,0x314218332b4861cb:0x97b2b5a5b8205bf7,10930998968944974839,/g/11cjj97rxv,4.1,3194.0,100-200 N ₫,Quán mì,"Quán mì, Nhà hàng gia đình, Nhà hàng, Nhà hàng Việt Nam",noodle_shop,"noodle_shop, family_restaurant, restaurant, vietnamese_restaurant","212 Bạch Đằng, Phước Ninh, Hải Châu, Đà Nẵng 550000, Việt Nam",Đang mở cửa ⋅ Đóng cửa lúc 22:00,+84 766 771 772,http://beptrang.vn/,16.0651266,108.22409069999999,"""Quán ăn ngon, bài trí đẹp, mặt tiền Bạch Đằng nên đậu xe thoải mái.""",https://lh3.googleusercontent.com/gps-cs-s/AC9h4noDgJMFlxsbspdA0um8Hwq662sLfdqCUlf86UlbFDvWO-1PfZF2bLZQHaG0qaZF6i61X3ipZGHNZKwTKsx1TwFwFLtbsXsuJxj3uv_iHpl6QlJ1xkHB2lAQk1fpG4aFo5NJv3IObQ=w163-h92-k-no,https://serpapi.com/images/url/CNrIx3icBcFbjoIwFADQFVUsdRo18QM1pYP4IJFo-jOhyGuotHgLZYeuwd14zuddW2tg7XmqJrNK60oVAxSvXHe26Ows10-vMoByQOAFu1W96PS-io5MTSDBPIL58Fxy11PqQ1w--l2qyiVNlWT78XZG-FIK5stYJDwL530mGG0ovpPGiJCfxMFdDzDhq2OOxVbCHYZo-ifD-Ndwo2iiIjy1fOurIGlxacJFxvTPKRrJ71kmG4cpQfXKRy3q9BdkF0Uj,https://serpapi.com/search.json?data_id=0x314218332b4861cb%3A0x97b2b5a5b8205bf7&engine=google_maps_reviews&hl=vi,https://serpapi.com/search.json?data_id=0x314218332b4861cb%3A0x97b2b5a5b8205bf7&engine=google_maps_photos&hl=vi,https://serpapi.com/search.json?engine=google_maps&google_domain=google.com&hl=vi&place_id=ChIJy2FIKzMYQjER91sguKW1spc,"{""thứ hai"": ""07:00–22:00"", ""thứ ba"": ""07:00–22:00"", ""thứ tư"": ""07:00–22:00"", ""thứ năm"": ""07:00–22:00"", ""thứ sáu"": ""07:00–22:00"", ""thứ bảy"": ""07:00–22:00"", ""chủ nhật"": ""07:00–22:00""}","{""Ăn_tại_chỗ"": true, ""Đồ_ăn_mang_đi"": true}"
Quán ăn Đà Nẵng,17,Nhà hàng Mr.Anh,ChIJV_BGLtAZQjERD9LS1cvwDwg,0x314219d02e46f057:0x80ff0cbd5d2d20f,580947635210473999,/g/11h54mg8z8,4.8,1158.0,100-200 N ₫,Nhà hàng Việt Nam,Nhà hàng Việt Nam,vietnamese_restaurant,vietnamese_restaurant,"340 Ông Ích Khiêm Phường Vĩnh Trung, Thanh Khê, Đà Nẵng 590000, Việt Nam",Đã đóng cửa ⋅ Mở lúc 10:30 Th 3,+84 934 951 751,https://www.facebook.com/NhaHangMrAnh.DN,16.0677722,108.2137944,"""Quán ăn yên tĩnh, decor đẹp, đồ ăn ngon""",https://lh3.googleusercontent.com/p/AF1QipNCX8YzCb-2gi426jCg_nyzY0Rc5rXB3BBxOa8v=w186-h92-k-no,https://serpapi.com/images/url/CG9Vh3icuxmXUVJSUGylr5-TYayXnp-fnpNaWpxalJyfV5KaV6KXnJ-rX6Dv6GYYmFng5xxhEVnlnKRrlJ5pYmSW5Zwen1dZFWkQlGxaFOFk7ORU4Z9oUWZbbmhhppthaaSbrZuXDwCUoSDF,https://serpapi.com/search.json?data_id=0x314219d02e46f057%3A0x80ff0cbd5d2d20f&engine=google_maps_reviews&hl=vi,https://serpapi.com/search.json?data_id=0x314219d02e46f057%3A0x80ff0cbd5d2d20f&engine=google_maps_photos&hl=vi,https://serpapi.com/search.json?engine=google_maps&google_domain=google.com&hl=vi&place_id=ChIJV_BGLtAZQjERD9LS1cvwDwg,"{""thứ hai"": ""10:30–20:00"", ""thứ ba"": ""10:30–20:00"", ""thứ tư"": ""10:30–20:00"", ""thứ năm"": ""10:30–20:00"", ""thứ sáu"": ""10:30–20:00"", ""thứ bảy"": ""10:30–20:00"", ""chủ nhật"": ""10:30–20:00""}","{""Ăn_tại_chỗ"": true, ""Đồ_ăn_mang_đi"": true, ""giao_hàng_gián_tiếp"": true}"
Quán ăn Đà Nẵng,18,Quán Ốc Ngon Đà Nẵng,ChIJoxBTPAAZQjERTiC4jfMrPZ0,0x314219003c5310a3:0x9d3d2bf38db8204e,11330260562588737614,/g/11hbcn57q7,4.3,493.0,100-200 N ₫,Nhà hàng hải sản,Nhà hàng hải sản,seafood_restaurant,seafood_restaurant,"137 Nguyễn Đức Trung, Thanh Khê Đông, Thanh Khê, Đà Nẵng 88000, Việt Nam",Đang mở cửa ⋅ Đóng cửa lúc 22:00,+84 905 511 302,,16.0663069,108.1886495,"""Bánh mì nóng, giòn, ngon, chấm sốt trứng muối vô đối ko còn gì phải bàn.""",https://lh3.googleusercontent.com/gps-cs-s/AC9h4nqEIPz7-xVtEHz63wngbSXKM5f5mWBYRV7zRBxWkPmw4gB5rJF9fe2_NqxEOzyXhb1FJ-gbAdXrXMorkKkRM7S4mIy8I0vV15U5BfJzaIUSb1h5_wnTJEPQYsFYXB5wnM8AQxiR=w122-h92-k-no,https://serpapi.com/images/url/ghcHanicBcHhEoEwAADgJ5qUJrnzo7k65SKlrF9Oqc2ljTaWvZ-H8Da-7_elUj7E0jDudDYhnJN78xLNUHMmGyYnNe8N8hCgFkAY3tqlNnv6YaIdMBbS3-j5TDFSZXgbwxb2J1SmhaNTNJ66pFc2QXCIArdtrPPuOfp7_cG0MoMIkMq74gHHfOi2XRo7md2Hn0U4fRcmzCFqI30J86wyKTwrdoz85FCKoMQIKhYvvMN4S1fKtCxAXQt0gPE_s8hECA,https://serpapi.com/search.json?data_id=0x314219003c5310a3%3A0x9d3d2bf38db8204e&engine=google_maps_reviews&hl=vi,https://serpapi.com/search.json?data_id=0x314219003c5310a3%3A0x9d3d2bf38db8204e&engine=google_maps_photos&hl=vi,https://serpapi.com/search.json?engine=google_maps&google_domain=google.com&hl=vi&place_id=ChIJoxBTPAAZQjERTiC4jfMrPZ0,"{""thứ hai"": ""10:30–22:00"", ""thứ ba"": ""10:30–22:00"", ""thứ tư"": ""10:30–22:00"", ""thứ năm"": ""10:30–22:00"", ""thứ sáu"": ""10:30–22:00"", ""thứ bảy"": ""10:30–22:00"", ""chủ nhật"": ""10:30–22:00""}","{""Ăn_tại_chỗ"": true, ""mua_hàng_ngay_trên_xe"": true, ""giao_hàng_gián_tiếp"": true}"
Quán ăn Đà Nẵng,19,Nhà Hàng Cội Nguồn,ChIJX59BNLIZQjER-bDXfILmP-E,0x314219b234419f5f:0xe13fe6827cd7b0f9,16230945030181204217,/g/1hc3d30tp,4.1,529.0,100-200 N ₫,Nhà hàng Việt Nam,"Nhà hàng Việt Nam, Nhà hàng",vietnamese_restaurant,"vietnamese_restaurant, restaurant","160 Đ. Nguyễn Tri Phương, Thạc Gián, Thanh Khê, Đà Nẵng 550000, Việt Nam",Sắp đóng cửa ⋅ 21:00 ⋅ Mở lúc 9:00 Th 3,+84 236 3646 056,,16.0601309,108.2051731,"""Đồ ăn ngon, quán đẹp, nv bạn minh và bạn tuấn tuyệt dờiiii""",https://lh3.googleusercontent.com/gps-cs-s/AC9h4nreHIsYULULZzSNdCUDNHkOMOJlsKkRvKPkGwpWVhXT8wVCcMtFxg9qh5V1VO6Qxg-B-9EGSV-p250L-sxpIWiy_tz1pXdpGmwZnrKH3BzXzSUaW9pK8-ykNwOgxaO2lZMNBP6v=w122-h92-k-no,https://serpapi.com/images/url/Xr6opHicBcHdToMwGADQJ_qGdG6hJl4ITtj46RQpjBuzMNKaQtvRujLez4fwbTzn75dbq82T5w18vWJKsaH_Mf3UKWl7aVedGj2mDXQGjPcSYf4opz7Zm1OVVVm7lMUlql6LRJCcHAaTio9behSx0zXlzWfgaNTl9m1m-Mo31Kdk-z4zCAHv4pKCRpuHDMys9_X3_csuvm4uOh5dK6c0WYdLs5TVucY6DeAuCkfYfCZoaPMiPG5vz85HCDhGIECqf-j2RNU,https://serpapi.com/search.json?data_id=0x314219b234419f5f%3A0xe13fe6827cd7b0f9&engine=google_maps_reviews&hl=vi,https://serpapi.com/search.json?data_id=0x314219b234419f5f%3A0xe13fe6827cd7b0f9&engine=google_maps_photos&hl=vi,https://serpapi.com/search.json?engine=google_maps&google_domain=google.com&hl=vi&place_id=ChIJX59BNLIZQjER-bDXfILmP-E,"{""thứ hai"": ""09:00–21:00"", ""thứ ba"": ""09:00–21:00"", ""thứ tư"": ""09:00–21:00"", ""thứ năm"": ""09:00–21:00"", ""thứ sáu"": ""09:00–21:00"", ""thứ bảy"": ""09:00–21:00"", ""chủ nhật"": ""09:00–21:00""}","{""Ăn_tại_chỗ"": true, ""Đồ_ăn_mang_đi"": true}"
Quán ăn Đà Nẵng,20,Nhà Hàng Bếp Xưa,ChIJjXCzLdQZQjERUh-BjkLvlg0,0x314219d42db3708d:0xd96ef428e811f52,979233038137368402,/g/11t04kd88x,4.4,443.0,100-200 N ₫,Nhà hàng gia đình,"Nhà hàng gia đình, Nhà hàng Việt Nam",family_restaurant,"family_restaurant, vietnamese_restaurant","27 Nguyễn Chí Thanh, Thạch Thang, Hải Châu, Đà Nẵng 550000, Việt Nam",Đang mở cửa ⋅ Đóng cửa lúc 22:00,+84 966 001 111,http://bepxuadanang.com/,16.0791564,108.2202612,"""Ngon và giá rất hợp lý
Decor đẹp, quản lý rất nhiệt tình hỗ trợ khách""",https://lh3.googleusercontent.com/p/AF1QipPIDWrg2z5Y3ODcPdsQY0sP1NFjMKzs31I6H5nu=w122-h92-k-no,https://serpapi.com/images/url/Mb4UkXicuxmXUVJSUGylr5-TYayXnp-fnpNaWpxalJyfV5KaV6KXnJ-rX6Dv6GYYmFkQ4OkSXpRuVGUaaezvkhyQUhwYaVAcYOjnluXrXVVsbOhp5mGaV2pbbmhkpJthaaSbrZuXDwCWBiCi,https://serpapi.com/search.json?data_id=0x314219d42db3708d%3A0xd96ef428e811f52&engine=google_maps_reviews&hl=vi,https://serpapi.com/search.json?data_id=0x314219d42db3708d%3A0xd96ef428e811f52&engine=google_maps_photos&hl=vi,https://serpapi.com/search.json?engine=google_maps&google_domain=google.com&hl=vi&place_id=ChIJjXCzLdQZQjERUh-BjkLvlg0,"{""thứ hai"": ""09:00–22:00"", ""thứ ba"": ""09:00–22:00"", ""thứ tư"": ""09:00–22:00"", ""thứ năm"": ""09:00–22:00"", ""thứ sáu"": ""09:00–22:00"", ""thứ bảy"": ""09:00–22:00"", ""chủ nhật"": ""09:00–22:00""}","{""Ăn_tại_chỗ"": true, ""mua_hàng_ngay_trên_xe"": true, ""giao_hàng_gián_tiếp"": true}"
Nhà hàng Đà Nẵng,1,Nhà hàng Madame Lân,ChIJe0VNzjEYQjERImNbpnRF9cI,0x31421831ce4d457b:0xc2f54574a65b6322,14048210979961660194,/g/11b7vz9kgm,4.2,10923.0,$$,Nhà hàng Việt Nam,"Nhà hàng Việt Nam, Nhà hàng",vietnamese_restaurant,"vietnamese_restaurant, restaurant","04 Bạch Đằng, Thạch Thang, Hải Châu, Đà Nẵng 550000, Việt Nam",Sắp đóng cửa ⋅ 21:30 ⋅ Mở lúc 6:30 Th 3,+84 905 697 555,http://madamelan.vn/,16.081406299999998,108.2232528,"""Nhà hàng có cảnh đẹp, vừa ăn vừa ngắm rất chill, rất hợp ý""",https://lh3.googleusercontent.com/gps-cs-s/AC9h4npPkMgLanakFuHLCvlhOTH7Zg1PBTqiRby3htRg-p6npBdg-BNt6pHF1eMUOqdS17-8TUDAjgYJf-BEhGqFuJg-6i2a8qkRVkVQzIE2IhGx1SPutxeaec3N9xIexET1FyEFsAOFRA=w122-h92-k-no,https://serpapi.com/images/url/OUtMcXicBcFBjoIwFADQE31JywTFxAUoFYwKg2iiO8T6q8W22KI4F5wzzG3mvb9f4ZyxU89rhT9CrbHlveXPRivHlRs1-uGhsdBYsF40D8WXMoXc4LpWtWR9up6_WpFX6fiEpIir7laeP75wJYIJlIkvCPHWBSZlhG_2eXfZkTFMqv0iuuNxdYU4EcuO9SuE4EbrSSfLgzx8_2QJzcRyILuidwOveeNvwyHjQ1IR9kmYjXJWRrM3oRRESEGC0v9AyER2,https://serpapi.com/search.json?data_id=0x31421831ce4d457b%3A0xc2f54574a65b6322&engine=google_maps_reviews&hl=vi,https://serpapi.com/search.json?data_id=0x31421831ce4d457b%3A0xc2f54574a65b6322&engine=google_maps_photos&hl=vi,https://serpapi.com/search.json?engine=google_maps&google_domain=google.com&hl=vi&place_id=ChIJe0VNzjEYQjERImNbpnRF9cI,"{""thứ hai"": ""06:30–21:30"", ""thứ ba"": ""06:30–21:30"", ""thứ tư"": ""06:30–21:30"", ""thứ năm"": ""06:30–21:30"", ""thứ sáu"": ""06:30–21:30"", ""thứ bảy"": ""06:30–21:30"", ""chủ nhật"": ""06:30–21:30""}","{""Ăn_tại_chỗ"": true, ""Đồ_ăn_mang_đi"": true, ""giao_hàng"": true}"
Nhà hàng Đà Nẵng,2,Hải sản Mộc quán Đà Nẵng,ChIJx6-KGnIXQjER7x-T0zeOlBw,0x314217721a8aafc7:0x1c948e37d3931fef,2059427300039139311,/g/11h64qj0wn,4.7,15506.0,$$,Nhà hàng hải sản,"Nhà hàng hải sản, Nhà hàng",seafood_restaurant,"seafood_restaurant, restaurant","26 Tô Hiến Thành, Phước Mỹ, Sơn Trà, Đà Nẵng 550000, Việt Nam",Đang mở cửa ⋅ Đóng cửa lúc 22:30,+84 905 665 058,https://www.facebook.com/mocseafood,16.0639962,108.24157439999999,"""Nhà hàng rất đông full bàn nên khách đến phải ngồi xếp hàng chờ đến lượt.""",https://lh3.googleusercontent.com/p/AF1QipPtOsZN_eeunmn-tBE4WCyOzBGyT9-XxEydfV9d=w80-h106-k-no,https://serpapi.com/images/url/j_5ADHicuxmXUVJSUGylr5-TYayXnp-fnpNaWpxalJyfV5KaV6KXnJ-rX6Dv6GYYmFkQUOJfHOUXn5pampebp1vi5GoS7lzpX-XkXhliqRtR4VqZkhZmmWJbbmGgm2FoYKabrZuXDwDBKCHK,https://serpapi.com/search.json?data_id=0x314217721a8aafc7%3A0x1c948e37d3931fef&engine=google_maps_reviews&hl=vi,https://serpapi.com/search.json?data_id=0x314217721a8aafc7%3A0x1c948e37d3931fef&engine=google_maps_photos&hl=vi,https://serpapi.com/search.json?engine=google_maps&google_domain=google.com&hl=vi&place_id=ChIJx6-KGnIXQjER7x-T0zeOlBw,"{""thứ hai"": ""10:30–22:30"", ""thứ ba"": ""10:30–22:30"", ""thứ tư"": ""10:30–22:30"", ""thứ năm"": ""10:30–22:30"", ""thứ sáu"": ""10:30–22:30"", ""thứ bảy"": ""10:30–22:30"", ""chủ nhật"": ""10:30–22:30""}","{""Ăn_tại_chỗ"": true, ""Đồ_ăn_mang_đi"": true, ""giao_hàng"": true}"
Nhà hàng Đà Nẵng,3,Nhà Hàng Lão Đại,ChIJeVJaMNUZQjERnRz_bfJ5ex4,0x314219d5305a5279:0x1e7b79f26dff1c9d,2196483325407730845,/g/11cjp585f9,4.0,2674.0,$$,Nhà hàng hải sản,"Nhà hàng hải sản, Phòng tiệc, Quán bia sân vườn, Nhà hàng giá rẻ, Nhà hàng gia đình, Nhà hàng, Nhà bán buôn hải sản",seafood_restaurant,"seafood_restaurant, banquet_hall, beer_garden, chophouse_restaurant, family_restaurant, restaurant, seafood_wholesaler","1 Võ Văn Kiệt, An Hải Bắc, Sơn Trà, Đà Nẵng 100000, Việt Nam",Mở cả ngày,+84 966 666 895,https://laodaiseafood.com/,16.061913,108.23568259999999,"""Đồ ăn rất tươi ngon, các món hấp rất tươi và ngon.""",https://lh3.googleusercontent.com/gps-cs-s/AC9h4nrZuFko7jQldbFpI3MzHwX9J9EAbOd74QOBssiBQAHkASTfV3gR0t5ZLsDZfUl52sYo5XIj6HZ9UhK8jRPbo-DW3PD4DsvSr4Ms1AgObJ6Dv05WGNEAl7Fq7EtV9UBq0IZPPoLm=w80-h106-k-no,https://serpapi.com/images/url/yZsPdXicBcFbcoIwFADQFUVieZnO9CM0IFgtoEVtPkFMCpGL3Kgz7q-L6G56zt-vtnbEV8cx2p0pAGXaG7ZTA4NtBztr4OKoEUmDBB3-zrQ3TPKW9BB2pTnVyZi5m2f6OLIVi3mdn0KvzCPEn6jkac93X-e9q7bU-nKNQp4r47_gN_jHrAtSySr9sei2RQ1EHNxCeALvu8nb4JyrvF4F4k79w_Iz5iZMrmFs96yKrjSTRQHry9tjQYme04D0ZIB_U6tCZQ,https://serpapi.com/search.json?data_id=0x314219d5305a5279%3A0x1e7b79f26dff1c9d&engine=google_maps_reviews&hl=vi,https://serpapi.com/search.json?data_id=0x314219d5305a5279%3A0x1e7b79f26dff1c9d&engine=google_maps_photos&hl=vi,https://serpapi.com/search.json?engine=google_maps&google_domain=google.com&hl=vi&place_id=ChIJeVJaMNUZQjERnRz_bfJ5ex4,"{""thứ hai"": ""Mở cửa cả ngày"", ""thứ ba"": ""Mở cửa cả ngày"", ""thứ tư"": ""Mở cửa cả ngày"", ""thứ năm"": ""Mở cửa cả ngày"", ""thứ sáu"": ""Mở cửa cả ngày"", ""thứ bảy"": ""Mở cửa cả ngày"", ""chủ nhật"": ""Mở cửa cả ngày""}","{""Ăn_tại_chỗ"": true, ""mua_hàng_ngay_trên_xe"": true, ""giao_hàng_gián_tiếp"": true}"
Nhà hàng Đà Nẵng,4,Nhà hàng Nhà Gỗ Việt Đà Nẵng,ChIJYytdRW4ZQjER6149Azrswq8,0x3142196e455d2b63:0xafc2ec3a033d5eeb,12664944836025868011,/g/11wqtkbc2s,4.9,2957.0,100-200 N ₫,Nhà hàng Việt Nam,Nhà hàng Việt Nam,vietnamese_restaurant,vietnamese_restaurant,"49 Nguyễn Thái Học, Hải Châu, Đà Nẵng 550000, Việt Nam",Sắp đóng cửa ⋅ 21:00 ⋅ Mở lúc 9:00 Th 3,+84 342 454 487,https://nhagoviet.imweb.me/,16.0679495,108.2232911,"""Nhà hàng được thiết kế theo phong cách nhà cổ Hội An, rất đẹp.""",https://lh3.googleusercontent.com/gps-cs-s/AC9h4npFuEbreIcbaeH1dCQI6R4W3cnOLM_-vEbIej44aeRK_-K6zURbolCA2K6-VcUObPnwexJxXQlL9Div_LnVwEEno61ObwfUky3kzodsaKoyuMNNyJKYK2dO4aWeoekD7l4b_WNq=w122-h92-k-no,https://serpapi.com/images/url/v_n9a3icBcFRjoIwEADQE1VCaTCY-GEQIxZBSZDdL0LLCErtoAUR7-chvI3vfT9N33dmYVmqcWY1Yq1gMPCQqHvQ_Uzizao7Q6Qhxlr5XsN0txkC8YBQihK2duUfQzdluSN1Eu0L8gxECFfGSkh5Qbj7zlKByl9R7pKTzBJx0CO8dq-_o4q89eVZRPo0BoFG107EeM7ayWnfWJmS4zTs43ja8X9Oq4SVOSC067liosjj-3K0KSWNR0lLNP4AwrpFBQ,https://serpapi.com/search.json?data_id=0x3142196e455d2b63%3A0xafc2ec3a033d5eeb&engine=google_maps_reviews&hl=vi,https://serpapi.com/search.json?data_id=0x3142196e455d2b63%3A0xafc2ec3a033d5eeb&engine=google_maps_photos&hl=vi,https://serpapi.com/search.json?engine=google_maps&google_domain=google.com&hl=vi&place_id=ChIJYytdRW4ZQjER6149Azrswq8,"{""thứ hai"": ""09:00–21:00"", ""thứ ba"": ""09:00–21:00"", ""thứ tư"": ""09:00–21:00"", ""thứ năm"": ""09:00–21:00"", ""thứ sáu"": ""09:00–21:00"", ""thứ bảy"": ""09:00–21:00"", ""chủ nhật"": ""09:00–21:00""}","{""Ăn_tại_chỗ"": true, ""Đồ_ăn_mang_đi"": true, ""giao_hàng"": true}"
Nhà hàng Đà Nẵng,5,Bếp Cuốn Đà Nẵng,ChIJ-UgnY_QXQjERJTTHpNvcFNw,0x314217f4632748f9:0xdc14dcdba4c73425,15858543023798826021,/g/11hz90gsyw,4.9,11874.0,100-300 N ₫,Nhà hàng Việt Nam,"Nhà hàng Việt Nam, Nhà hàng",vietnamese_restaurant,"vietnamese_restaurant, restaurant","31-33 Trần Bạch Đằng, Phước Mỹ, Sơn Trà, Đà Nẵng 550000, Việt Nam",Đang mở cửa ⋅ Đóng cửa lúc 22:00,+84 702 689 989,https://www.facebook.com/DINNER.LUNCH.BEPCUON/,16.0579628,108.2451505,"""Quán view đẹp, đồ ăn ngon, đồ uống cũng ngon luôn.""",https://lh3.googleusercontent.com/gps-cs-s/AC9h4npAEk-oQSzhuoWVTm-DgyHBm4UayQNmZUA861gvKmM_9f2LSlZwnekIKkEcECj39_Z2QKlxz0kCEjSG5VXbBPbZR8t1BZWSMipQqPtqnaFAXCocPwZbxsSGnrumnxInZKuyxkx0LA=w122-h92-k-no,https://serpapi.com/images/url/btKMlXicBcHdboIwGADQJ6pI_Yks2UVBdAZdYBU1vTHSYDtLv6Ito_iCewbfxnNe_9K51n4EQSMnI2GMaOrO1g9uwNXgRtzoQLQWcYtsQJJITqElqUKmoE_ZmeNhr9FSDF-xnpaXofjWrCSLeSj-Mr07R1e8pQ3roVabTKU8TW6T6MxwkTX-OVZJeqPr2eFUxXnFfhYujNmR7n7b4p67O1xW5JQYnves8pau4dFp8BtgWTd45cdb8tmHGCMZYaQQmDeMcUaU,https://serpapi.com/search.json?data_id=0x314217f4632748f9%3A0xdc14dcdba4c73425&engine=google_maps_reviews&hl=vi,https://serpapi.com/search.json?data_id=0x314217f4632748f9%3A0xdc14dcdba4c73425&engine=google_maps_photos&hl=vi,https://serpapi.com/search.json?engine=google_maps&google_domain=google.com&hl=vi&place_id=ChIJ-UgnY_QXQjERJTTHpNvcFNw,"{""thứ hai"": ""10:30–22:00"", ""thứ ba"": ""10:30–22:00"", ""thứ tư"": ""10:30–22:00"", ""thứ năm"": ""10:30–22:00"", ""thứ sáu"": ""10:30–22:00"", ""thứ bảy"": ""10:30–22:00"", ""chủ nhật"": ""10:30–22:00""}","{""Ăn_tại_chỗ"": true, ""Đồ_ăn_mang_đi"": true, ""giao_hàng_gián_tiếp"": true}"
Nhà hàng Đà Nẵng,6,Nhà Hàng Đà Nẵng - Ho Xanh Restaurant,ChIJ37F4OvoZQjERcSRyXX_s91c,0x314219fa3a78b1df:0x57f7ec7f5d722471,6338795032320025713,/g/11m8rh5194,4.0,185.0,200-300 N ₫,Nhà hàng,Nhà hàng,restaurant,restaurant,"K 1 Đỗ Quang, Thạc Gián, Thanh Khê, Đà Nẵng 550000, Việt Nam",Đang mở cửa ⋅ Đóng cửa lúc 22:30,+84 905 718 477,http://hocnaildanang.com/,16.062689499999998,108.2128037,"""Menu phong phú, đồ ăn khá ngon và nhiều món lạ.""",https://lh3.googleusercontent.com/gps-cs-s/AC9h4nqQVz92nUWOsKNPwyPVq09_Pc-tDs7mWnT8-UOQWh3rKQvZOEGm6PsX8Ntg7olZYQ8-t6rDfsaor7P6J4LZqKeVSp0aodos5l7XI1qrymC-MOF6WklGnut3sniQsFqlO_INC_NZ=w122-h92-k-no,https://serpapi.com/images/url/-fh8FnicBcHdboIwFADgJzqioPws2cWC0yhK22yC44YYRGosPbSnatz7-RC-jd_3ekrnBvrwPCWDUYfYqfZKrW1Qu1a7UYO91w0EDQF5X2kip9qI4j_x9a5klOX8_uCFGSc1b8DNKepL_RvDjolSBjYTt4p9L_uQ0z7OXRehqv5EDC608xMd0EY8XE83lcna4mcYH_CINFPRfjUx9tGnsGWLsLyopb66gPRZ0MIoVq_ytM6rz_vE90EmPlxA4xvNv0TO,https://serpapi.com/search.json?data_id=0x314219fa3a78b1df%3A0x57f7ec7f5d722471&engine=google_maps_reviews&hl=vi,https://serpapi.com/search.json?data_id=0x314219fa3a78b1df%3A0x57f7ec7f5d722471&engine=google_maps_photos&hl=vi,https://serpapi.com/search.json?engine=google_maps&google_domain=google.com&hl=vi&place_id=ChIJ37F4OvoZQjERcSRyXX_s91c,"{""thứ hai"": ""09:00–22:30"", ""thứ ba"": ""09:00–22:30"", ""thứ tư"": ""09:00–22:30"", ""thứ năm"": ""09:00–22:30"", ""thứ sáu"": ""09:00–22:30"", ""thứ bảy"": ""09:00–22:30"", ""chủ nhật"": ""09:00–22:30""}","{""Ăn_tại_chỗ"": true, ""Đồ_ăn_mang_đi"": true, ""giao_hàng"": true}"
Nhà hàng Đà Nẵng,7,Nhà hàng NHÀ BẾP CHỢ HÀN,ChIJP1Uz6i0ZQjERfy-rpM1cGWc,0x3142192dea33553f:0x67195ccda4ab2f7f,7429071098625077119,/g/11t9c4w9cn,4.8,5155.0,100-200 N ₫,Nhà hàng Việt Nam,Nhà hàng Việt Nam,vietnamese_restaurant,vietnamese_restaurant,"22 Hùng Vương, Hải Châu, Đà Nẵng 550000, Việt Nam",Đang mở cửa ⋅ Đóng cửa lúc 22:00,+84 236 3966 268,https://cafe.naver.com/flymap,16.0687376,108.22433749999999,"""Đồ ăn ngon, bánh xèo nem lụi, bún chả được trình bày bắt mắt.""",https://lh3.googleusercontent.com/gps-cs-s/AC9h4npUjOK8ZPuBfG1tvtZjzUjuXESf-x67zBvCjVQAisvCMm-h1Vua4uO5NjCZZ4p4mCw5wQbTe1ZFVT7Wwnm0v3Seu2u7ASQVzfKCwuttmRC7eDT40y2MlP5Lcr8wQRUgNnMXM2Bblg=w122-h92-k-no,https://serpapi.com/images/url/T6uumXicBcFdkoIgAADgE5FJuFYzPSi720NZmT81vJWDEAk4AVJesDN0m77v8-bW9mYZBB2fTZjWrKPO0EejlaXKThotA9Yb0BhgggQvOFJ9JfabOTm4tF2HdrBEjJVw57-iBc-feEwHLOo8uZkBZxLwsHYX5PbRTmBCUI8k9pHPryUNyX9dxiev5HSYFdRBFydFXo_tBntnrTzimP6WaPqCWXeIts1j7vNjxXYqO2cwvXZs5UMIAV9AcAdKfwGPM0V6,https://serpapi.com/search.json?data_id=0x3142192dea33553f%3A0x67195ccda4ab2f7f&engine=google_maps_reviews&hl=vi,https://serpapi.com/search.json?data_id=0x3142192dea33553f%3A0x67195ccda4ab2f7f&engine=google_maps_photos&hl=vi,https://serpapi.com/search.json?engine=google_maps&google_domain=google.com&hl=vi&place_id=ChIJP1Uz6i0ZQjERfy-rpM1cGWc,"{""thứ hai"": ""09:00–22:00"", ""thứ ba"": ""09:00–22:00"", ""thứ tư"": ""09:00–22:00"", ""thứ năm"": ""09:00–22:00"", ""thứ sáu"": ""09:00–22:00"", ""thứ bảy"": ""09:00–22:00"", ""chủ nhật"": ""09:00–22:00""}","{""Ăn_tại_chỗ"": true, ""Đồ_ăn_mang_đi"": true}"
Nhà hàng Đà Nẵng,8,Cô Ba Phở bò,ChIJQYGTw4MZQjER9-WZcXZUfAM,0x31421983c3938141:0x37c54767199e5f7,251168546914690551,/g/11gnpx_f59,4.8,6552.0,100-200 N ₫,Nhà hàng,Nhà hàng,restaurant,restaurant,"154 Bạch Đằng, Hải Châu, Đà Nẵng 550000, Việt Nam",Đang mở cửa ⋅ Đóng cửa lúc 22:00,+84 236 3996 268,,16.0669705,108.22471879999999,"""Nhà hàng rất đáng để thử 1 lần khi đi du lịch Đà Nẵng""",https://lh3.googleusercontent.com/gps-cs-s/AC9h4npMEQvXm1ZYZ-PyzqFbGKVlw2H1r0ZC_B1QatvmCeYbspvkD_qiLJWub3g8V8_Oqa9yTJwnFezAwbYfleYdaQ5cHfLDKb321kJFzFHpCFxst-8B06CWDw9vsXUgb942dQ36jpw=w122-h92-k-no,https://serpapi.com/images/url/84aVBHicBcFRkoIgAADQE5GB1UgzfRRGjtWUM7uV_jhihKUCBkl5vr3E3qb3_v8qa7WZe15T-SOhlGj4y_BnqaTl0o5K1XpCG1AaYLwlwdVE6v066S8tzNIMHD9DR9lme2ociuBznJF8BZPC9i3hKTO6r8O8u-_i84v5IjgF-aEr8OcndpLyYelYemt4ei2SaRndduGW-QjWMR1opAl9GwuC1XhGzqHDvbn8CoYn6Jr4s4d2CwcRAhVGoAZSfQHDckRb,https://serpapi.com/search.json?data_id=0x31421983c3938141%3A0x37c54767199e5f7&engine=google_maps_reviews&hl=vi,https://serpapi.com/search.json?data_id=0x31421983c3938141%3A0x37c54767199e5f7&engine=google_maps_photos&hl=vi,https://serpapi.com/search.json?engine=google_maps&google_domain=google.com&hl=vi&place_id=ChIJQYGTw4MZQjER9-WZcXZUfAM,"{""thứ hai"": ""10:00–22:00"", ""thứ ba"": ""10:00–22:00"", ""thứ tư"": ""10:00–22:00"", ""thứ năm"": ""10:00–22:00"", ""thứ sáu"": ""10:00–22:00"", ""thứ bảy"": ""10:00–22:00"", ""chủ nhật"": ""10:00–22:00""}","{""Ăn_tại_chỗ"": true, ""Đồ_ăn_mang_đi"": true, ""giao_hàng"": true}"
Nhà hàng Đà Nẵng,9,Nhà Hàng Hải Sản - Ơ Kìa,ChIJfb2A754ZQjERwntwhqY2_nQ,0x3142199eef80bd7d:0x74fe36a686707bc2,8430235641332136898,/g/11tfmznbvm,4.9,2054.0,,Nhà hàng hải sản,"Nhà hàng hải sản, Nhà hàng",seafood_restaurant,"seafood_restaurant, restaurant","7 Trần Phú, Thạch Thang, Hải Châu, Đà Nẵng 550000, Việt Nam",Đang mở cửa ⋅ Đóng cửa lúc 23:00,+84 906 430 707,https://www.nhahangokia.com/,16.0801078,108.2230986,"""Đồ ăn ngon, trang trí đẹp, mát mẻ, nhân viên nhiệt tình.""",https://lh3.googleusercontent.com/gps-cs-s/AC9h4noZYxBwdtMShs1H27ZN_jowrNa-rrtHRK8rFvSRMARj8SvCgmqy6JPJJb4PxYd2YLml7v2CACkrdXpqSjT2xhWcs-bv_Yh0PxgxbMMrR5LbrNHBMRKjnzDYc3p-9y9lQ-KITZOs=w122-h92-k-no,https://serpapi.com/images/url/p_h9AXicDcxtDoIgAADQE6FFH2ZbP8zWTMMM2wr_tPwYzBQMSKn7dYhuU-8A7_thWndqadsNm1hUCNpUT1XJQnBdcW0VorVpp0ChgLI932VTLjJi1kOpUcrUOIBOFl9rMcj4BqTUAY4WctunGHm4XqS9T9vHax4mYZhPE0NKSPZt4_TQ9_y7LC_dI61P0LDz_8_7K2GjxFCTIyTxbJ_LOFgjHNX8vSHFpAPuy22OINqdsoNaDWMIAXMhuAMufjqBRW4,https://serpapi.com/search.json?data_id=0x3142199eef80bd7d%3A0x74fe36a686707bc2&engine=google_maps_reviews&hl=vi,https://serpapi.com/search.json?data_id=0x3142199eef80bd7d%3A0x74fe36a686707bc2&engine=google_maps_photos&hl=vi,https://serpapi.com/search.json?engine=google_maps&google_domain=google.com&hl=vi&place_id=ChIJfb2A754ZQjERwntwhqY2_nQ,"{""thứ hai"": ""06:00–23:00"", ""thứ ba"": ""06:00–23:00"", ""thứ tư"": ""06:00–23:00"", ""thứ năm"": ""06:00–23:00"", ""thứ sáu"": ""06:00–23:00"", ""thứ bảy"": ""06:00–23:00"", ""chủ nhật"": ""06:00–23:00""}","{""Ăn_tại_chỗ"": true, ""nhận_hàng_ở_lề_đường"": true, ""giao_hàng"": true}"
Nhà hàng Đà Nẵng,10,Nhà Hàng 3 Big - Nướng & Lẩu Hàn Quốc,ChIJA_b2sxcZQjER9WPDj14M47I,0x31421917b3f6f603:0xb2e30c5e8fc363f5,12890160158742897653,/g/11rgrrjxrv,4.9,12499.0,100-200 N ₫,Nhà hàng tiệc đứng,"Nhà hàng tiệc đứng, Nhà hàng món nướng, Khu vực nướng, Nhà hàng món nướng Hàn Quốc, Nhà hàng phục vụ bữa trưa",buffet_restaurant,"buffet_restaurant, barbecue_restaurant, barbecue_spots, korean_barbecue_restaurant, lunch_restaurant","134 Phan Châu Trinh, Phước Ninh, Hải Châu, Đà Nẵng 550000, Việt Nam",Đang mở cửa ⋅ Đóng cửa lúc 22:30,+84 236 3569 000,https://3big.vn/,16.0639665,108.2197333,"""nhà hàng rất đẹp, đồ ăn rất ngon, view ngắm đường phố rất xịn, much try""",https://lh3.googleusercontent.com/p/AF1QipMcu2Vd7KyeCSISSQSmFSexiU3AxcaETgzJT3Hs=w194-h92-k-no,https://serpapi.com/images/url/l0u5AnicuxmXUVJSUGylr5-TYayXnp-fnpNaWpxalJyfV5KaV6KXnJ-rX6Dv6GYYmFngm1xqFJZi7l2Z6hzsGRwcGJzrFpxakRlq7FiRnOgakl7lFWLsUWxbbmhpopthaaSbrZuXDwCttCFx,https://serpapi.com/search.json?data_id=0x31421917b3f6f603%3A0xb2e30c5e8fc363f5&engine=google_maps_reviews&hl=vi,https://serpapi.com/search.json?data_id=0x31421917b3f6f603%3A0xb2e30c5e8fc363f5&engine=google_maps_photos&hl=vi,https://serpapi.com/search.json?engine=google_maps&google_domain=google.com&hl=vi&place_id=ChIJA_b2sxcZQjER9WPDj14M47I,"{""thứ hai"": ""11:00–22:30"", ""thứ ba"": ""11:00–22:30"", ""thứ tư"": ""11:00–22:30"", ""thứ năm"": ""11:00–22:30"", ""thứ sáu"": ""11:00–22:30"", ""thứ bảy"": ""11:00–22:30"", ""chủ nhật"": ""11:00–22:30""}","{""Ăn_tại_chỗ"": true, ""Đồ_ăn_mang_đi"": true, ""giao_hàng_gián_tiếp"": true}"
Nhà hàng Đà Nẵng,11,La Cabaña,ChIJb1ncnmYZQjERMO-cfMPKMjs,0x314219669edc596f:0x3b32cac37c9cef30,4265694738031374128,/g/11jyck2xvc,4.8,1332.0,,Nhà hàng bít tết,"Nhà hàng bít tết, Nhà hàng Argentina, Bar & Grill, Nhà hàng món nướng, Nhà hàng cao cấp, Quán rượu",steak_house,"steak_house, argentinian_restaurant, bar_and_grill, barbecue_restaurant, fine_dining_restaurant, wine_bar","505 Đ. Trần Hưng Đạo, An Hải Trung, Sơn Trà, Đà Nẵng 55000, Việt Nam",Đang mở cửa ⋅ Đóng cửa lúc 23:00,+84 934 935 198,https://lacabana.vn/,16.0630164,108.2302488,"""Món ăn ngon, thịt beefsteak được đặt decor trên chảo nhìn đẹp mắt.""",https://lh3.googleusercontent.com/p/AF1QipMnJhgPMRM8X8NRCnBaS0TTxwJF8qbshC4V-Pwo=w122-h92-k-no,https://serpapi.com/images/url/Up-5Y3icuxmXUVJSUGylr5-TYayXnp-fnpNaWpxalJyfV5KaV6KXnJ-rX6Dv6GYYmFngm-eVkR7gG-RrEWHhF-Sc55QYbBASUlHu5WZRmFSc4WwSphtQnm9bbmhkpJthaaSbrZuXDwCfHiED,https://serpapi.com/search.json?data_id=0x314219669edc596f%3A0x3b32cac37c9cef30&engine=google_maps_reviews&hl=vi,https://serpapi.com/search.json?data_id=0x314219669edc596f%3A0x3b32cac37c9cef30&engine=google_maps_photos&hl=vi,https://serpapi.com/search.json?engine=google_maps&google_domain=google.com&hl=vi&place_id=ChIJb1ncnmYZQjERMO-cfMPKMjs,"{""thứ hai"": ""16:00–23:00"", ""thứ ba"": ""16:00–23:00"", ""thứ tư"": ""16:00–23:00"", ""thứ năm"": ""16:00–23:00"", ""thứ sáu"": ""16:00–23:00"", ""thứ bảy"": ""16:00–23:00"", ""chủ nhật"": ""16:00–23:00""}","{""Ăn_tại_chỗ"": true, ""Đồ_ăn_mang_đi"": true, ""giao_hàng_gián_tiếp"": true}"
Nhà hàng Đà Nẵng,12,Golden Meat House,ChIJEyohTbcXQjERpvkbGecn3ow,0x314217b74d212a13:0x8cde27e7191bf9a6,10150594483651869094,/g/11fn9d1glv,4.8,5263.0,$$,Nhà hàng món nướng Hàn Quốc,"Nhà hàng món nướng Hàn Quốc, Nhà hàng món nướng, Khu vực nướng, Nhà hàng Hàn Quốc, Nhà hàng bít tết",korean_barbecue_restaurant,"korean_barbecue_restaurant, barbecue_restaurant, barbecue_spots, korean_restaurant, steak_house","100 Trần Bạch Đằng, Bắc Mỹ Phú, Ngũ Hành Sơn, Đà Nẵng 550000, Việt Nam",Đang mở cửa ⋅ Đóng cửa lúc 0:00,+84 236 3712 888,https://goldenmeat.vn/,16.0549127,108.2458977,"""Nhà hàng rất sang trọng, đem đến cảm giác thoải mái cho khách hàng.""",https://lh3.googleusercontent.com/p/AF1QipMv2tW9T4j-RVF7os4OfqokdxAqUrpBwv7Had6p=w163-h92-k-no,https://serpapi.com/images/url/rXjZ93icuxmXUVJSUGylr5-TYayXnp-fnpNaWpxalJyfV5KaV6KXnJ-rX6Dv6GYYmFngW2ZUEm4ZYpKlGxTmZp5fbOKfVpifnVLhWBhaVOBUXmbukZhiVmBbbmhmrJthaaSbrZuXDwCvsiGt,https://serpapi.com/search.json?data_id=0x314217b74d212a13%3A0x8cde27e7191bf9a6&engine=google_maps_reviews&hl=vi,https://serpapi.com/search.json?data_id=0x314217b74d212a13%3A0x8cde27e7191bf9a6&engine=google_maps_photos&hl=vi,https://serpapi.com/search.json?engine=google_maps&google_domain=google.com&hl=vi&place_id=ChIJEyohTbcXQjERpvkbGecn3ow,"{""thứ hai"": ""10:00–00:00"", ""thứ ba"": ""10:00–00:00"", ""thứ tư"": ""10:00–00:00"", ""thứ năm"": ""10:00–00:00"", ""thứ sáu"": ""10:00–00:00"", ""thứ bảy"": ""10:00–00:00"", ""chủ nhật"": ""10:00–00:00""}","{""Ăn_tại_chỗ"": true, ""Đồ_ăn_mang_đi"": true, ""giao_hàng"": true}"
Nhà hàng Đà Nẵng,13,Cơm nhà vui,ChIJi5XzTqsZQjERn5HbwcdvD5Y,0x314219ab4ef3958b:0x960f6fc7c1db919f,10812984134081417631,/g/11k02pk2dj,4.9,2153.0,100-200 N ₫,Nhà hàng Việt Nam,Nhà hàng Việt Nam,vietnamese_restaurant,vietnamese_restaurant,"86 Đ. 2 Tháng 9, Phước Ninh, Hải Châu, Đà Nẵng 10000, Việt Nam",Đang mở cửa ⋅ Đóng cửa lúc 22:00,+84 933 865 786,,16.0566182,108.22206709999999,"""Nhà hàng rất đẹp, đồ ăn ngon.""",https://lh3.googleusercontent.com/gps-cs-s/AC9h4noLSBqEgbgtaEeKSiNeVX4ORsU_b_VIIfc_dtjueX7GQNY4CetL3TQOdPNeC9efpL9QKAJo6FwCp_cMaeLElYc2arnTkhDeWgpOzk0h7pA30-FiY3nDxY8J1CYtJhoPaJGyiHk=w122-h92-k-no,https://serpapi.com/images/url/w5zCI3icBcHtFoEwGADgK5pSHeQcPzL5SEqE9quTeW0p29gcH9fnJtyN5_l9uTFKDy2r5W6HSclaeGi4UykMCNOh8moxpRHVSFsB9rknZLwd30J2ZKYKYbmtE9gXXrrRu_JY7heLMy1P5vKAoj_LEuJhMLGbZ-lpnQD24axiP1sGkexNn1iVdFVBHLaEOtVd5A2fwIGp9NPYvK8C10bTmrhi8iKDqIuJibhcV9HsXc-b0bPrOIj7DmqQkH-1j0Rx,https://serpapi.com/search.json?data_id=0x314219ab4ef3958b%3A0x960f6fc7c1db919f&engine=google_maps_reviews&hl=vi,https://serpapi.com/search.json?data_id=0x314219ab4ef3958b%3A0x960f6fc7c1db919f&engine=google_maps_photos&hl=vi,https://serpapi.com/search.json?engine=google_maps&google_domain=google.com&hl=vi&place_id=ChIJi5XzTqsZQjERn5HbwcdvD5Y,"{""thứ hai"": ""10:00–22:00"", ""thứ ba"": ""10:00–22:00"", ""thứ tư"": ""10:00–22:00"", ""thứ năm"": ""10:00–22:00"", ""thứ sáu"": ""10:00–22:00"", ""thứ bảy"": ""10:00–22:00"", ""chủ nhật"": ""10:00–22:00""}","{""Ăn_tại_chỗ"": true, ""Đồ_ăn_mang_đi"": true, ""giao_hàng"": true}"
Nhà hàng Đà Nẵng,14,Nhà hàng Cabanon Palace,ChIJazxahM8ZQjEResUJ_LiMk8U,0x314219cf845a3c6b:0xc5938cb8fc09c57a,14236877573178639738,/g/11gr1625yh,4.8,1561.0,Trên 1 Tr ₫,Nhà hàng Pháp,"Nhà hàng Pháp, Nhà hàng phục vụ sò, Nhà hàng, Quán rượu",french_restaurant,"french_restaurant, oyster_bar_restaurant, restaurant, wine_bar","Cordial Grand Hotel, 21th floor, 27-29 Loseby, Street, Sơn Trà, Đà Nẵng 550000, Việt Nam",Đang mở cửa ⋅ Đóng cửa lúc 22:00,+84 796 653 020,https://www.cabanonpalace.com/,16.0737348,108.2408397,"""Món súp cua của nhà hàng rất đáng để trải nghiệm.""",https://lh3.googleusercontent.com/gps-cs-s/AC9h4no0ldG1SZQ9IDcmZ3DdCKUzCvZ8cPlX6HtLDAsa8U-7OCP1IZBuYPIcETf8Wz6ZaNgWdEWCE36l9KwI2LhtQbr-LIGeIwUaBSKKj87cNIBnRHZjqFiPRbeZfm3nd2Gti-eUIPrT=w122-h92-k-no,https://serpapi.com/images/url/a7FifHicBcHbDoIgAADQLyITm5e2HhLNmK7o4izeDFEqhBLKrf_rI_qbzvl9hbUPM3ccKbxJp3Un-cvwgWllubITpnunexjADDDOEkVipvRUNpl7oLsIJ6ynXtKgvPygNw0ZkSd_bYtkaeqwBMEWERfT-HUmmKXHNqw-Pq03XdWkFUo9X0b5iGEh7O4ygAJnHI9lHR_y_BYGbINjtV_T23N1JfsLp23vqQZm9gp4iclwXIwuhEBEENyB0n8Uy0LF,https://serpapi.com/search.json?data_id=0x314219cf845a3c6b%3A0xc5938cb8fc09c57a&engine=google_maps_reviews&hl=vi,https://serpapi.com/search.json?data_id=0x314219cf845a3c6b%3A0xc5938cb8fc09c57a&engine=google_maps_photos&hl=vi,https://serpapi.com/search.json?engine=google_maps&google_domain=google.com&hl=vi&place_id=ChIJazxahM8ZQjEResUJ_LiMk8U,"{""thứ hai"": ""17:00–22:00"", ""thứ ba"": ""17:00–22:00"", ""thứ tư"": ""17:00–22:00"", ""thứ năm"": ""17:00–22:00"", ""thứ sáu"": ""17:00–22:00"", ""thứ bảy"": ""17:00–22:00"", ""chủ nhật"": ""Đóng cửa""}","{""Ăn_tại_chỗ"": true, ""giao_hàng"": false}"
Nhà hàng Đà Nẵng,15,Nhà Bếp Xưa Restaurant,ChIJ27SqrvEXQjERrln9TFRnBO8,0x314217f1aeaab4db:0xef0467544cfd59ae,17223004486738205102,/g/11s1s1qjt9,4.8,6710.0,100-200 N ₫,Nhà hàng Việt Nam,Nhà hàng Việt Nam,vietnamese_restaurant,vietnamese_restaurant,"64B Hà Bổng, Phước Mỹ, Sơn Trà, Đà Nẵng 550000, Việt Nam",Đã đóng cửa ⋅ Mở lúc 10:00 Th 3,+84 906 123 858,,16.066057999999998,108.2443163,"""Nhà hàng khá nhỏ và đông khách, phần lớn là khách nước ngoài.""",https://lh3.googleusercontent.com/p/AF1QipMT3v_CuFhoypIe3FtV1-Wav1p5C6JeU8HacWK6=w122-h92-k-no,https://serpapi.com/images/url/RpKCynicuxmXUVJSUGylr5-TYayXnp-fnpNaWpxalJyfV5KaV6KXnJ-rX6Dv6GYYmFngG2JcFu9c6paRX1ngmWrsVhJmqBueWGZYYOps5pUaauGRmBzubWZbbmhkpJthaaSbrZuXDwCiLCDK,https://serpapi.com/search.json?data_id=0x314217f1aeaab4db%3A0xef0467544cfd59ae&engine=google_maps_reviews&hl=vi,https://serpapi.com/search.json?data_id=0x314217f1aeaab4db%3A0xef0467544cfd59ae&engine=google_maps_photos&hl=vi,https://serpapi.com/search.json?engine=google_maps&google_domain=google.com&hl=vi&place_id=ChIJ27SqrvEXQjERrln9TFRnBO8,"{""thứ hai"": ""10:00–20:00"", ""thứ ba"": ""10:00–21:30"", ""thứ tư"": ""10:00–21:30"", ""thứ năm"": ""10:00–21:30"", ""thứ sáu"": ""10:00–21:30"", ""thứ bảy"": ""10:00–21:30"", ""chủ nhật"": ""10:00–21:30""}","{""Ăn_tại_chỗ"": true, ""nhận_hàng_ở_lề_đường"": true, ""giao_hàng_gián_tiếp"": true}"
Nhà hàng Đà Nẵng,16,다낭 한식당 Nhà hàng hàn quốc lòng bò nướng ( 소곱창집 식당 Da Nang ),ChIJHfGPsJkXQjERsHCXRTXX_Xs,0x31421799b08ff11d:0x7bfdd735459770b0,8934533859573723312,/g/11tf6rqlj0,4.8,522.0,,Nhà hàng Hàn Quốc,Nhà hàng Hàn Quốc,korean_restaurant,korean_restaurant,"170b Hồ Nghinh, Phước Mỹ, Sơn Trà, Đà Nẵng 550000, Việt Nam",Đang mở cửa ⋅ Đóng cửa lúc 22:00,+84 938 148 082,https://nhahanglongbonuong.com/,16.071877699999998,108.2429186,"""Món ăn ngon , nhà hàng đẹp
100 điểm 😍😍""",https://lh3.googleusercontent.com/gps-cs-s/AC9h4npc4YSt-H-wuJNz41cbwEPGcPHj6aAsrQN7cI4dKFNCSkZ0iRq7R7GkIJrvRppzLcUCzkyxlHI3b8vIuKQyHF3Haq6jYOf813MEYlFL0m_4pZm7I_DwsH_TS-6_HbWPh6wA4oyz=w122-h92-k-no,https://serpapi.com/images/url/qy1ihHicBcHbDoIgAADQLyJTmVZbD8406GKmtWYvTsmkvECCkf5fH9HfdM7vS6XkYqFpNTUnJWNlXfSi6AhrZdHKCWGNVnIBiABCc9w5hS0nMIklQED1m2CEOsmVF65JiJ5W5ojuGNgEw9vWD9y4uk4f0cuO7HWFN9074nzckbM7VsOnRtjMZ2_cb48D8k2UvaxncrjPdHPvJbW_mzYp5NfGxulKCZSeYmClKL-E1FIOZMO4VLphADo3QAVa9geYx0Pu,https://serpapi.com/search.json?data_id=0x31421799b08ff11d%3A0x7bfdd735459770b0&engine=google_maps_reviews&hl=vi,https://serpapi.com/search.json?data_id=0x31421799b08ff11d%3A0x7bfdd735459770b0&engine=google_maps_photos&hl=vi,https://serpapi.com/search.json?engine=google_maps&google_domain=google.com&hl=vi&place_id=ChIJHfGPsJkXQjERsHCXRTXX_Xs,"{""thứ hai"": ""10:00–22:00"", ""thứ ba"": ""10:00–22:00"", ""thứ tư"": ""10:00–22:00"", ""thứ năm"": ""10:00–22:00"", ""thứ sáu"": ""10:00–22:00"", ""thứ bảy"": ""10:00–22:00"", ""chủ nhật"": ""10:00–22:00""}","{""Ăn_tại_chỗ"": true, ""mua_hàng_ngay_trên_xe"": true, ""giao_hàng_gián_tiếp"": true}"
Nhà hàng Đà Nẵng,17,Nhà hàng Sơn Dương 2 Đà Nẵng,ChIJy9ER5ykZQjERH5SKeI8rrDk,0x31421929e711d1cb:0x39ac2b8f788a941f,4155744451358790687,/g/11p67fm30_,4.2,342.0,$$,Nhà hàng Việt Nam,Nhà hàng Việt Nam,vietnamese_restaurant,vietnamese_restaurant,"202-204 Xô Viết Nghệ Tĩnh, Hoà Cường Nam, Cẩm Lệ, Đà Nẵng 55000, Việt Nam",Đang mở cửa ⋅ Đóng cửa lúc 22:00,+84 906 522 664,https://sonduongrestaurant.com/,16.032195599999998,108.21508879999999,"""Nhà hàng đẹp, món ăn ngon, nhân viên phục vụ nhiệt tình.""",https://lh3.googleusercontent.com/p/AF1QipOT-8qWwUgoQ0104DP_oOu-6wndq8sWmsRbgY2Z=w122-h92-k-no,https://serpapi.com/images/url/ilresHicuxmXUVJSUGylr5-TYayXnp-fnpNaWpxalJyfV5KaV6KXnJ-rX6Dv6GYYmFngH6JrURheHpqeH2hgaGDiEhCf71-qa1ael1JoURyeWxyUlB5pFGVbbmhkpJthaaSbrZuXDwCeNiEk,https://serpapi.com/search.json?data_id=0x31421929e711d1cb%3A0x39ac2b8f788a941f&engine=google_maps_reviews&hl=vi,https://serpapi.com/search.json?data_id=0x31421929e711d1cb%3A0x39ac2b8f788a941f&engine=google_maps_photos&hl=vi,https://serpapi.com/search.json?engine=google_maps&google_domain=google.com&hl=vi&place_id=ChIJy9ER5ykZQjERH5SKeI8rrDk,"{""thứ hai"": ""08:30–22:00"", ""thứ ba"": ""08:30–22:00"", ""thứ tư"": ""08:30–22:00"", ""thứ năm"": ""08:30–22:00"", ""thứ sáu"": ""08:30–22:00"", ""thứ bảy"": ""08:30–22:00"", ""chủ nhật"": ""08:30–22:00""}","{""Ăn_tại_chỗ"": true, ""Đồ_ăn_mang_đi"": true, ""giao_hàng_gián_tiếp"": true}"
Nhà hàng Đà Nẵng,18,Bé Ni 2,ChIJySI1VxkXQjERUSItJZQgxBE,0x31421719573522c9:0x11c42094252d2251,1280184014731027025,/g/1pzwdq9yk,4.8,9750.0,,Nhà hàng hải sản,"Nhà hàng hải sản, Nhà hàng",seafood_restaurant,"seafood_restaurant, restaurant","228 Võ Nguyên Giáp, Phước Mỹ, Sơn Trà, Đà Nẵng 550000, Việt Nam",Mở cả ngày,+84 773 515 685,,16.066801599999998,108.2449953,"""Dịch vụ tốt, đồ ăn ngon, nhân viên thân thiện""",https://lh3.googleusercontent.com/gps-cs-s/AC9h4noRAouk1aRGOIq2PXOWTxDJhuG_YexGj3o-Gj7ANGSzhjBIYzc4BaIGhvJybAlhTQ15ToXE3rbKlaMC5RNenkQArQrwbRLX8VnG_F8_4HzJyffaAG0VJU_VmGjGzUfVWWlmSmtQ=w122-h92-k-no,https://serpapi.com/images/url/ye7TdnicBcFbjoIwFADQFVXkYdRJ5qO-ruBrQAT8IkAKDZRepWVU9uci3I3nfN5c65v6MQzB7VGFWAnWK9YVKDWTelRga1Q3RQpFlEGXc-5IDCj2jZkFcHLv1l9yisPnyuM9pFf2hNpGAvWUHuE88HrhXofCWWQu8H_vlVPBQ9-chJis7S7fieywnARHJhufdn73yIN9MoskpJtZ6mwH71WWGYVx5F3SqIUahksZxbFoz632fx-mZRE-t0hDJH4B2ztE-w,https://serpapi.com/search.json?data_id=0x31421719573522c9%3A0x11c42094252d2251&engine=google_maps_reviews&hl=vi,https://serpapi.com/search.json?data_id=0x31421719573522c9%3A0x11c42094252d2251&engine=google_maps_photos&hl=vi,https://serpapi.com/search.json?engine=google_maps&google_domain=google.com&hl=vi&place_id=ChIJySI1VxkXQjERUSItJZQgxBE,"{""thứ hai"": ""Mở cửa cả ngày"", ""thứ ba"": ""Mở cửa cả ngày"", ""thứ tư"": ""Mở cửa cả ngày"", ""thứ năm"": ""Mở cửa cả ngày"", ""thứ sáu"": ""Mở cửa cả ngày"", ""thứ bảy"": ""Mở cửa cả ngày"", ""chủ nhật"": ""Mở cửa cả ngày""}","{""Ăn_tại_chỗ"": true, ""Đồ_ăn_mang_đi"": true}"
Nhà hàng Đà Nẵng,19,Nhà hàng Thiên Kim,ChIJw1z2gkdTNDERULJnMFS92vg,0x3134534782f65cc3:0xf8dabd543067b250,17931853035616055888,/g/11stz8w28c,4.8,9016.0,100-300 N ₫,Nhà hàng,Nhà hàng,restaurant,restaurant,"166 Bạch Đằng, Hải Châu, Đà Nẵng 550000, Việt Nam",Sắp đóng cửa ⋅ 21:30 ⋅ Mở lúc 10:00 Th 3,+84 773 566 882,https://www.facebook.com/thienkimrestaurant?mibextid=ZbWKwL,16.0666255,108.22468939999999,"""Recommended Dishes: Bánh Xèo & Phở Sườn Bò""",https://lh3.googleusercontent.com/gps-cs-s/AC9h4nrqFDQOFICUNkeiNrYBTIBJ-NUrKhvb7S2waYvtcP2rphYqK3nzp5m9we4jmc36myukJwoPmWTCwLPy3PpSIeBwZV2p2KgROkfzXQdRjulYdwpoH2qOMt_BjS2I2y_8uG9wya7PjA=w122-h92-k-no,https://serpapi.com/images/url/dPxBTnicBcFbcoIwFADQFUXGiy-c8UPo2CIKUXzRH8fGlAjkQRLM4AZdQ3fTc_7ezFpl5p7XMH9QSlk2tDNUEyksFXZAJPdKZRAxyHjLKGAjodvVxy5bxdExrekj1UV4iMM1So86Yc-faQ7uVjwtwaAVK9rEFy815oGjo4oTf8L7rl47ifn5ELkN7n2s8piG7vsECpJyn9W_r8vuvq-6prg7Jb-gzbb2GlY5xNBfZ91n4PrbFFfLhRsCIBYAqpGQ_8_NRsk,https://serpapi.com/search.json?data_id=0x3134534782f65cc3%3A0xf8dabd543067b250&engine=google_maps_reviews&hl=vi,https://serpapi.com/search.json?data_id=0x3134534782f65cc3%3A0xf8dabd543067b250&engine=google_maps_photos&hl=vi,https://serpapi.com/search.json?engine=google_maps&google_domain=google.com&hl=vi&place_id=ChIJw1z2gkdTNDERULJnMFS92vg,"{""thứ hai"": ""10:00–21:30"", ""thứ ba"": ""10:00–21:30"", ""thứ tư"": ""10:00–21:30"", ""thứ năm"": ""10:00–21:30"", ""thứ sáu"": ""10:00–21:30"", ""thứ bảy"": ""10:00–21:30"", ""chủ nhật"": ""10:00–21:30""}","{""Ăn_tại_chỗ"": true, ""Đồ_ăn_mang_đi"": true, ""giao_hàng"": true}"
Nhà hàng Đà Nẵng,20,All Seasons Buffet Da Nang,ChIJB12Iu3oXQjER2RUvYw2dfIo,0x3142177abb885d07:0x8a7c9d0d632f15d9,9979023555170342361,/g/11lds3gkxv,4.9,2283.0,Trên 1 Tr ₫,Nhà hàng,Nhà hàng,restaurant,restaurant,"193 Nguyễn Văn Thoại, An Hải Đông, Ngũ Hành Sơn, Đà Nẵng 550000, Việt Nam",Đang mở cửa ⋅ Đóng cửa lúc 22:00,+84 764 068 111,https://www.allseasonsbuffet.com/,16.055459,108.2430332,"""Nhà hàng sang trọng, được ăn hải sản thoả thích, nên đến trải nghiệm""",https://lh3.googleusercontent.com/gps-cs-s/AC9h4npK6zREhRY-z8tkZ3YjR1leAFMX3wrckiUJmjMSpBYCPeur34T7c2qGa0ikcKG_S8kCjic2ig1QswkW85pxWrOgCPhy5wthTgCBUSwOLTo0Lo2MQiwr4BnYE0nrPDjqKxsyOatuJCeDu1Q=w163-h92-k-no,https://serpapi.com/images/url/JBIEvHicBcFZjsIgAADQE2EXqlaT-bC4JNamq3E6P8YQApQKCDSoZ_QC3mbe-36Yc9qug2BkcEaVoiOZLDFYSUekm2F1D6i2AFtggw1asUTqfPFudqzpwTt14g_2QxONZLMvfqE3WPDz8T4Urc56VJHJwKRb4vhxuIVc4PxwbVOBBo5jTqPaenFJ5_p5MSVFFXvNvWMdRdm59eWpU-FJxUXNvUky2e9Caart8Mif9lXe3HREZDtF9Y-PFhCwVQwEkOof9Z5H6Q,https://serpapi.com/search.json?data_id=0x3142177abb885d07%3A0x8a7c9d0d632f15d9&engine=google_maps_reviews&hl=vi,https://serpapi.com/search.json?data_id=0x3142177abb885d07%3A0x8a7c9d0d632f15d9&engine=google_maps_photos&hl=vi,https://serpapi.com/search.json?engine=google_maps&google_domain=google.com&hl=vi&place_id=ChIJB12Iu3oXQjER2RUvYw2dfIo,"{""thứ hai"": ""11:00–14:30, 17:00–22:00"", ""thứ ba"": ""11:00–14:30, 17:00–22:00"", ""thứ tư"": ""11:00–14:30, 17:00–22:00"", ""thứ năm"": ""11:00–14:30, 17:00–22:00"", ""thứ sáu"": ""11:00–14:30, 17:00–22:00"", ""thứ bảy"": ""11:00–14:30, 17:00–22:00"", ""chủ nhật"": ""11:00–14:30, 17:00–22:00""}","{""Ăn_tại_chỗ"": true}"